proposed_folder,folder_path,folder_manifest_path,image_count
_needs_review_noise,/home/ssparzival/Proyectos/GitHub/Automatic-Organization-of-Anime-Character-Images/anime_character_pipeline/organized_output/anime_organized_20260523_220036/_needs_review_noise,/home/ssparzival/Proyectos/GitHub/Automatic-Organization-of-Anime-Character-Images/anime_character_pipeline/organized_output/anime_organized_20260523_220036/_needs_review_noise/_folder_manifest.csv,9138
cluster_00000_unknown,/home/ssparzival/Proyectos/GitHub/Automatic-Organization-of-Anime-Character-Images/anime_character_pipeline/organized_output/anime_organized_20260523_220036/cluster_00000_unknown,/home/ssparzival/Proyectos/GitHub/Automatic-Organization-of-Anime-Character-Images/anime_character_pipeline/organized_output/anime_organized_20260523_220036/cluster_00000_unknown/_folder_manifest.csv,4
cluster_00000_unknown_review,/home/ssparzival/Proyectos/GitHub/Automatic-Organization-of-Anime-Character-Images/anime_character_pipeline/organized_output/anime_organized_20260523_220036/cluster_00000_unknown_review,/home/ssparzival/Proyectos/GitHub/Automatic-Organization-of-Anime-Character-Images/anime_character_pipeline/organized_output/anime_organized_20260523_220036/cluster_00000_unknown_review/_folder_manifest.csv,2
cluster_00001_unknown,/home/ssparzival/Proyectos/GitHub/Automatic-Organization-of-Anime-Character-Images/anime_character_pipeline/organized_output/anime_organized_20260523_220036/cluster_00001_unknown,/home/ssparzival/Proyectos/GitHub/Automatic-Organization-of-Anime-Character-Images/anime_character_pipeline/organized_output/anime_organized_20260523_220036/cluster_00001_unknown/_folder_manifest.csv,3
cluster_00001_unknown_review,/home/ssparzival/Proyectos/GitHub/Automatic-Organization-of-Anime-Character-Images/anime_character_pipeline/organized_output/anime_organized_20260523_220036/cluster_00001_unknown_review,/home/ssparzival/Proyectos/GitHub/Automatic-Organization-of-Anime-Character-Images/anime_character_pipeline/organized_output/anime_organized_20260523_220036/cluster_00001_unknown_review/_folder_manifest.csv,2
cluster_00002_unknown,/home/ssparzival/Proyectos/GitHub/Automatic-Organization-of-Anime-Character-Images/anime_character_pipeline/organized_output/anime_organized_20260523_220036/cluster_00002_unknown,/home/ssparzival/Proyectos/GitHub/Automatic-Organization-of-Anime-Character-Images/anime_character_pipeline/organized_output/anime_organized_20260523_220036/cluster_00002_unknown/_folder_manifest.csv,13
cluster_00002_unknown_review,/home/ssparzival/Proyectos/GitHub/Automatic-Organization-of-Anime-Character-Images/anime_character_pipeline/organized_output/anime_organized_20260523_220036/cluster_00002_unknown_review,/home/ssparzival/Proyectos/GitHub/Automatic-Organization-of-Anime-Character-Images/anime_character_pipeline/organized_output/anime_organized_20260523_220036/cluster_00002_unknown_review/_folder_manifest.csv,1
cluster_00003_unknown,/home/ssparzival/Proyectos/GitHub/Automatic-Organization-of-Anime-Character-Images/anime_character_pipeline/organized_output/anime_organized_20260523_220036/cluster_00003_unknown,/home/ssparzival/Proyectos/GitHub/Automatic-Organization-of-Anime-Character-Images/anime_character_pipeline/organized_output/anime_organized_20260523_220036/cluster_00003_unknown/_folder_manifest.csv,8
cluster_00003_unknown_review,/home/ssparzival/Proyectos/GitHub/Automatic-Organization-of-Anime-Character-Images/anime_character_pipeline/organized_output/anime_organized_20260523_220036/cluster_00003_unknown_review,/home/ssparzival/Proyectos/GitHub/Automatic-Organization-of-Anime-Character-Images/anime_character_pipeline/organized_output/anime_organized_20260523_220036/cluster_00003_unknown_review/_folder_manifest.csv,1
cluster_00004_unknown,/home/ssparzival/Proyectos/GitHub/Automatic-Organization-of-Anime-Character-Images/anime_character_pipeline/organized_output/anime_organized_20260523_220036/cluster_00004_unknown,/home/ssparzival/Proyectos/GitHub/Automatic-Organization-of-Anime-Character-Images/anime_character_pipeline/organized_output/anime_organized_20260523_220036/cluster_00004_unknown/_folder_manifest.csv,9
cluster_00004_unknown_review,/home/ssparzival/Proyectos/GitHub/Automatic-Organization-of-Anime-Character-Images/anime_character_pipeline/organized_output/anime_organized_20260523_220036/cluster_00004_unknown_review,/home/ssparzival/Proyectos/GitHub/Automatic-Organization-of-Anime-Character-Images/anime_character_pipeline/organized_output/anime_organized_20260523_220036/cluster_00004_unknown_review/_folder_manifest.csv,8
cluster_00005_unknown,/home/ssparzival/Proyectos/GitHub/Automatic-Organization-of-Anime-Character-Images/anime_character_pipeline/organized_output/anime_organized_20260523_220036/cluster_00005_unknown,/home/ssparzival/Proyectos/GitHub/Automatic-Organization-of-Anime-Character-Images/anime_character_pipeline/organized_output/anime_organized_20260523_220036/cluster_00005_unknown/_folder_manifest.csv,4
cluster_00005_unknown_review,/home/ssparzival/Proyectos/GitHub/Automatic-Organization-of-Anime-Character-Images/anime_character_pipeline/organized_output/anime_organized_20260523_220036/cluster_00005_unknown_review,/home/ssparzival/Proyectos/GitHub/Automatic-Organization-of-Anime-Character-Images/anime_character_pipeline/organized_output/anime_organized_20260523_220036/cluster_00005_unknown_review/_folder_manifest.csv,2
cluster_00006_unknown,/home/ssparzival/Proyectos/GitHub/Automatic-Organization-of-Anime-Character-Images/anime_character_pipeline/organized_output/anime_organized_20260523_220036/cluster_00006_unknown,/home/ssparzival/Proyectos/GitHub/Automatic-Organization-of-Anime-Character-Images/anime_character_pipeline/organized_output/anime_organized_20260523_220036/cluster_00006_unknown/_folder_manifest.csv,6
cluster_00006_unknown_review,/home/ssparzival/Proyectos/GitHub/Automatic-Organization-of-Anime-Character-Images/anime_character_pipeline/organized_output/anime_organized_20260523_220036/cluster_00006_unknown_review,/home/ssparzival/Proyectos/GitHub/Automatic-Organization-of-Anime-Character-Images/anime_character_pipeline/organized_output/anime_organized_20260523_220036/cluster_00006_unknown_review/_folder_manifest.csv,1
cluster_00007_unknown,/home/ssparzival/Proyectos/GitHub/Automatic-Organization-of-Anime-Character-Images/anime_character_pipeline/organized_output/anime_organized_20260523_220036/cluster_00007_unknown,/home/ssparzival/Proyectos/GitHub/Automatic-Organization-of-Anime-Character-Images/anime_character_pipeline/organized_output/anime_organized_20260523_220036/cluster_00007_unknown/_folder_manifest.csv,19
cluster_00007_unknown_review,/home/ssparzival/Proyectos/GitHub/Automatic-Organization-of-Anime-Character-Images/anime_character_pipeline/organized_output/anime_organized_20260523_220036/cluster_00007_unknown_review,/home/ssparzival/Proyectos/GitHub/Automatic-Organization-of-Anime-Character-Images/anime_character_pipeline/organized_output/anime_organized_20260523_220036/cluster_00007_unknown_review/_folder_manifest.csv,2
cluster_00008_unknown,/home/ssparzival/Proyectos/GitHub/Automatic-Organization-of-Anime-Character-Images/anime_character_pipeline/organized_output/anime_organized_20260523_220036/cluster_00008_unknown,/home/ssparzival/Proyectos/GitHub/Automatic-Organization-of-Anime-Character-Images/anime_character_pipeline/organized_output/anime_organized_20260523_220036/cluster_00008_unknown/_folder_manifest.csv,9
cluster_00008_unknown_review,/home/ssparzival/Proyectos/GitHub/Automatic-Organization-of-Anime-Character-Images/anime_character_pipeline/organized_output/anime_organized_20260523_220036/cluster_00008_unknown_review,/home/ssparzival/Proyectos/GitHub/Automatic-Organization-of-Anime-Character-Images/anime_character_pipeline/organized_output/anime_organized_20260523_220036/cluster_00008_unknown_review/_folder_manifest.csv,1
cluster_00009_unknown,/home/ssparzival/Proyectos/GitHub/Automatic-Organization-of-Anime-Character-Images/anime_character_pipeline/organized_output/anime_organized_20260523_220036/cluster_00009_unknown,/home/ssparzival/Proyectos/GitHub/Automatic-Organization-of-Anime-Character-Images/anime_character_pipeline/organized_output/anime_organized_20260523_220036/cluster_00009_unknown/_folder_manifest.csv,12
cluster_00009_unknown_review,/home/ssparzival/Proyectos/GitHub/Automatic-Organization-of-Anime-Character-Images/anime_character_pipeline/organized_output/anime_organized_20260523_220036/cluster_00009_unknown_review,/home/ssparzival/Proyectos/GitHub/Automatic-Organization-of-Anime-Character-Images/anime_character_pipeline/organized_output/anime_organized_20260523_220036/cluster_00009_unknown_review/_folder_manifest.csv,3
cluster_00010_unknown,/home/ssparzival/Proyectos/GitHub/Automatic-Organization-of-Anime-Character-Images/anime_character_pipeline/organized_output/anime_organized_20260523_220036/cluster_00010_unknown,/home/ssparzival/Proyectos/GitHub/Automatic-Organization-of-Anime-Character-Images/anime_character_pipeline/organized_output/anime_organized_20260523_220036/cluster_00010_unknown/_folder_manifest.csv,1
cluster_00010_unknown_review,/home/ssparzival/Proyectos/GitHub/Automatic-Organization-of-Anime-Character-Images/anime_character_pipeline/organized_output/anime_organized_20260523_220036/cluster_00010_unknown_review,/home/ssparzival/Proyectos/GitHub/Automatic-Organization-of-Anime-Character-Images/anime_character_pipeline/organized_output/anime_organized_20260523_220036/cluster_00010_unknown_review/_folder_manifest.csv,4
cluster_00011_unknown,/home/ssparzival/Proyectos/GitHub/Automatic-Organization-of-Anime-Character-Images/anime_character_pipeline/organized_output/anime_organized_20260523_220036/cluster_00011_unknown,/home/ssparzival/Proyectos/GitHub/Automatic-Organization-of-Anime-Character-Images/anime_character_pipeline/organized_output/anime_organized_20260523_220036/cluster_00011_unknown/_folder_manifest.csv,2
cluster_00011_unknown_review,/home/ssparzival/Proyectos/GitHub/Automatic-Organization-of-Anime-Character-Images/anime_character_pipeline/organized_output/anime_organized_20260523_220036/cluster_00011_unknown_review,/home/ssparzival/Proyectos/GitHub/Automatic-Organization-of-Anime-Character-Images/anime_character_pipeline/organized_output/anime_organized_20260523_220036/cluster_00011_unknown_review/_folder_manifest.csv,3
cluster_00012_unknown,/home/ssparzival/Proyectos/GitHub/Automatic-Organization-of-Anime-Character-Images/anime_character_pipeline/organized_output/anime_organized_20260523_220036/cluster_00012_unknown,/home/ssparzival/Proyectos/GitHub/Automatic-Organization-of-Anime-Character-Images/anime_character_pipeline/organized_output/anime_organized_20260523_220036/cluster_00012_unknown/_folder_manifest.csv,4
cluster_00012_unknown_review,/home/ssparzival/Proyectos/GitHub/Automatic-Organization-of-Anime-Character-Images/anime_character_pipeline/organized_output/anime_organized_20260523_220036/cluster_00012_unknown_review,/home/ssparzival/Proyectos/GitHub/Automatic-Organization-of-Anime-Character-Images/anime_character_pipeline/organized_output/anime_organized_20260523_220036/cluster_00012_unknown_review/_folder_manifest.csv,1
cluster_00013_unknown,/home/ssparzival/Proyectos/GitHub/Automatic-Organization-of-Anime-Character-Images/anime_character_pipeline/organized_output/anime_organized_20260523_220036/cluster_00013_unknown,/home/ssparzival/Proyectos/GitHub/Automatic-Organization-of-Anime-Character-Images/anime_character_pipeline/organized_output/anime_organized_20260523_220036/cluster_00013_unknown/_folder_manifest.csv,8
cluster_00014_unknown,/home/ssparzival/Proyectos/GitHub/Automatic-Organization-of-Anime-Character-Images/anime_character_pipeline/organized_output/anime_organized_20260523_220036/cluster_00014_unknown,/home/ssparzival/Proyectos/GitHub/Automatic-Organization-of-Anime-Character-Images/anime_character_pipeline/organized_output/anime_organized_20260523_220036/cluster_00014_unknown/_folder_manifest.csv,17
cluster_00014_unknown_review,/home/ssparzival/Proyectos/GitHub/Automatic-Organization-of-Anime-Character-Images/anime_character_pipeline/organized_output/anime_organized_20260523_220036/cluster_00014_unknown_review,/home/ssparzival/Proyectos/GitHub/Automatic-Organization-of-Anime-Character-Images/anime_character_pipeline/organized_output/anime_organized_20260523_220036/cluster_00014_unknown_review/_folder_manifest.csv,9
cluster_00015_unknown,/home/ssparzival/Proyectos/GitHub/Automatic-Organization-of-Anime-Character-Images/anime_character_pipeline/organized_output/anime_organized_20260523_220036/cluster_00015_unknown,/home/ssparzival/Proyectos/GitHub/Automatic-Organization-of-Anime-Character-Images/anime_character_pipeline/organized_output/anime_organized_20260523_220036/cluster_00015_unknown/_folder_manifest.csv,21
cluster_00015_unknown_review,/home/ssparzival/Proyectos/GitHub/Automatic-Organization-of-Anime-Character-Images/anime_character_pipeline/organized_output/anime_organized_20260523_220036/cluster_00015_unknown_review,/home/ssparzival/Proyectos/GitHub/Automatic-Organization-of-Anime-Character-Images/anime_character_pipeline/organized_output/anime_organized_20260523_220036/cluster_00015_unknown_review/_folder_manifest.csv,9
cluster_00016_unknown,/home/ssparzival/Proyectos/GitHub/Automatic-Organization-of-Anime-Character-Images/anime_character_pipeline/organized_output/anime_organized_20260523_220036/cluster_00016_unknown,/home/ssparzival/Proyectos/GitHub/Automatic-Organization-of-Anime-Character-Images/anime_character_pipeline/organized_output/anime_organized_20260523_220036/cluster_00016_unknown/_folder_manifest.csv,4
cluster_00016_unknown_review,/home/ssparzival/Proyectos/GitHub/Automatic-Organization-of-Anime-Character-Images/anime_character_pipeline/organized_output/anime_organized_20260523_220036/cluster_00016_unknown_review,/home/ssparzival/Proyectos/GitHub/Automatic-Organization-of-Anime-Character-Images/anime_character_pipeline/organized_output/anime_organized_20260523_220036/cluster_00016_unknown_review/_folder_manifest.csv,1
cluster_00017_unknown,/home/ssparzival/Proyectos/GitHub/Automatic-Organization-of-Anime-Character-Images/anime_character_pipeline/organized_output/anime_organized_20260523_220036/cluster_00017_unknown,/home/ssparzival/Proyectos/GitHub/Automatic-Organization-of-Anime-Character-Images/anime_character_pipeline/organized_output/anime_organized_20260523_220036/cluster_00017_unknown/_folder_manifest.csv,41
cluster_00017_unknown_review,/home/ssparzival/Proyectos/GitHub/Automatic-Organization-of-Anime-Character-Images/anime_character_pipeline/organized_output/anime_organized_20260523_220036/cluster_00017_unknown_review,/home/ssparzival/Proyectos/GitHub/Automatic-Organization-of-Anime-Character-Images/anime_character_pipeline/organized_output/anime_organized_20260523_220036/cluster_00017_unknown_review/_folder_manifest.csv,8
cluster_00018_unknown,/home/ssparzival/Proyectos/GitHub/Automatic-Organization-of-Anime-Character-Images/anime_character_pipeline/organized_output/anime_organized_20260523_220036/cluster_00018_unknown,/home/ssparzival/Proyectos/GitHub/Automatic-Organization-of-Anime-Character-Images/anime_character_pipeline/organized_output/anime_organized_20260523_220036/cluster_00018_unknown/_folder_manifest.csv,18
cluster_00019_unknown,/home/ssparzival/Proyectos/GitHub/Automatic-Organization-of-Anime-Character-Images/anime_character_pipeline/organized_output/anime_organized_20260523_220036/cluster_00019_unknown,/home/ssparzival/Proyectos/GitHub/Automatic-Organization-of-Anime-Character-Images/anime_character_pipeline/organized_output/anime_organized_20260523_220036/cluster_00019_unknown/_folder_manifest.csv,4
cluster_00019_unknown_review,/home/ssparzival/Proyectos/GitHub/Automatic-Organization-of-Anime-Character-Images/anime_character_pipeline/organized_output/anime_organized_20260523_220036/cluster_00019_unknown_review,/home/ssparzival/Proyectos/GitHub/Automatic-Organization-of-Anime-Character-Images/anime_character_pipeline/organized_output/anime_organized_20260523_220036/cluster_00019_unknown_review/_folder_manifest.csv,1
cluster_00020_unknown,/home/ssparzival/Proyectos/GitHub/Automatic-Organization-of-Anime-Character-Images/anime_character_pipeline/organized_output/anime_organized_20260523_220036/cluster_00020_unknown,/home/ssparzival/Proyectos/GitHub/Automatic-Organization-of-Anime-Character-Images/anime_character_pipeline/organized_output/anime_organized_20260523_220036/cluster_00020_unknown/_folder_manifest.csv,1
cluster_00020_unknown_review,/home/ssparzival/Proyectos/GitHub/Automatic-Organization-of-Anime-Character-Images/anime_character_pipeline/organized_output/anime_organized_20260523_220036/cluster_00020_unknown_review,/home/ssparzival/Proyectos/GitHub/Automatic-Organization-of-Anime-Character-Images/anime_character_pipeline/organized_output/anime_organized_20260523_220036/cluster_00020_unknown_review/_folder_manifest.csv,7
cluster_00021_unknown,/home/ssparzival/Proyectos/GitHub/Automatic-Organization-of-Anime-Character-Images/anime_character_pipeline/organized_output/anime_organized_20260523_220036/cluster_00021_unknown,/home/ssparzival/Proyectos/GitHub/Automatic-Organization-of-Anime-Character-Images/anime_character_pipeline/organized_output/anime_organized_20260523_220036/cluster_00021_unknown/_folder_manifest.csv,4
cluster_00021_unknown_review,/home/ssparzival/Proyectos/GitHub/Automatic-Organization-of-Anime-Character-Images/anime_character_pipeline/organized_output/anime_organized_20260523_220036/cluster_00021_unknown_review,/home/ssparzival/Proyectos/GitHub/Automatic-Organization-of-Anime-Character-Images/anime_character_pipeline/organized_output/anime_organized_20260523_220036/cluster_00021_unknown_review/_folder_manifest.csv,1
cluster_00022_unknown,/home/ssparzival/Proyectos/GitHub/Automatic-Organization-of-Anime-Character-Images/anime_character_pipeline/organized_output/anime_organized_20260523_220036/cluster_00022_unknown,/home/ssparzival/Proyectos/GitHub/Automatic-Organization-of-Anime-Character-Images/anime_character_pipeline/organized_output/anime_organized_20260523_220036/cluster_00022_unknown/_folder_manifest.csv,2
cluster_00022_unknown_review,/home/ssparzival/Proyectos/GitHub/Automatic-Organization-of-Anime-Character-Images/anime_character_pipeline/organized_output/anime_organized_20260523_220036/cluster_00022_unknown_review,/home/ssparzival/Proyectos/GitHub/Automatic-Organization-of-Anime-Character-Images/anime_character_pipeline/organized_output/anime_organized_20260523_220036/cluster_00022_unknown_review/_folder_manifest.csv,3
cluster_00023_unknown,/home/ssparzival/Proyectos/GitHub/Automatic-Organization-of-Anime-Character-Images/anime_character_pipeline/organized_output/anime_organized_20260523_220036/cluster_00023_unknown,/home/ssparzival/Proyectos/GitHub/Automatic-Organization-of-Anime-Character-Images/anime_character_pipeline/organized_output/anime_organized_20260523_220036/cluster_00023_unknown/_folder_manifest.csv,11
cluster_00024_unknown,/home/ssparzival/Proyectos/GitHub/Automatic-Organization-of-Anime-Character-Images/anime_character_pipeline/organized_output/anime_organized_20260523_220036/cluster_00024_unknown,/home/ssparzival/Proyectos/GitHub/Automatic-Organization-of-Anime-Character-Images/anime_character_pipeline/organized_output/anime_organized_20260523_220036/cluster_00024_unknown/_folder_manifest.csv,12
cluster_00024_unknown_review,/home/ssparzival/Proyectos/GitHub/Automatic-Organization-of-Anime-Character-Images/anime_character_pipeline/organized_output/anime_organized_20260523_220036/cluster_00024_unknown_review,/home/ssparzival/Proyectos/GitHub/Automatic-Organization-of-Anime-Character-Images/anime_character_pipeline/organized_output/anime_organized_20260523_220036/cluster_00024_unknown_review/_folder_manifest.csv,2
cluster_00025_unknown,/home/ssparzival/Proyectos/GitHub/Automatic-Organization-of-Anime-Character-Images/anime_character_pipeline/organized_output/anime_organized_20260523_220036/cluster_00025_unknown,/home/ssparzival/Proyectos/GitHub/Automatic-Organization-of-Anime-Character-Images/anime_character_pipeline/organized_output/anime_organized_20260523_220036/cluster_00025_unknown/_folder_manifest.csv,8
cluster_00025_unknown_review,/home/ssparzival/Proyectos/GitHub/Automatic-Organization-of-Anime-Character-Images/anime_character_pipeline/organized_output/anime_organized_20260523_220036/cluster_00025_unknown_review,/home/ssparzival/Proyectos/GitHub/Automatic-Organization-of-Anime-Character-Images/anime_character_pipeline/organized_output/anime_organized_20260523_220036/cluster_00025_unknown_review/_folder_manifest.csv,2
cluster_00026_unknown,/home/ssparzival/Proyectos/GitHub/Automatic-Organization-of-Anime-Character-Images/anime_character_pipeline/organized_output/anime_organized_20260523_220036/cluster_00026_unknown,/home/ssparzival/Proyectos/GitHub/Automatic-Organization-of-Anime-Character-Images/anime_character_pipeline/organized_output/anime_organized_20260523_220036/cluster_00026_unknown/_folder_manifest.csv,54
cluster_00026_unknown_review,/home/ssparzival/Proyectos/GitHub/Automatic-Organization-of-Anime-Character-Images/anime_character_pipeline/organized_output/anime_organized_20260523_220036/cluster_00026_unknown_review,/home/ssparzival/Proyectos/GitHub/Automatic-Organization-of-Anime-Character-Images/anime_character_pipeline/organized_output/anime_organized_20260523_220036/cluster_00026_unknown_review/_folder_manifest.csv,10
cluster_00027_unknown,/home/ssparzival/Proyectos/GitHub/Automatic-Organization-of-Anime-Character-Images/anime_character_pipeline/organized_output/anime_organized_20260523_220036/cluster_00027_unknown,/home/ssparzival/Proyectos/GitHub/Automatic-Organization-of-Anime-Character-Images/anime_character_pipeline/organized_output/anime_organized_20260523_220036/cluster_00027_unknown/_folder_manifest.csv,6
cluster_00027_unknown_review,/home/ssparzival/Proyectos/GitHub/Automatic-Organization-of-Anime-Character-Images/anime_character_pipeline/organized_output/anime_organized_20260523_220036/cluster_00027_unknown_review,/home/ssparzival/Proyectos/GitHub/Automatic-Organization-of-Anime-Character-Images/anime_character_pipeline/organized_output/anime_organized_20260523_220036/cluster_00027_unknown_review/_folder_manifest.csv,1
cluster_00028_unknown,/home/ssparzival/Proyectos/GitHub/Automatic-Organization-of-Anime-Character-Images/anime_character_pipeline/organized_output/anime_organized_20260523_220036/cluster_00028_unknown,/home/ssparzival/Proyectos/GitHub/Automatic-Organization-of-Anime-Character-Images/anime_character_pipeline/organized_output/anime_organized_20260523_220036/cluster_00028_unknown/_folder_manifest.csv,23
cluster_00028_unknown_review,/home/ssparzival/Proyectos/GitHub/Automatic-Organization-of-Anime-Character-Images/anime_character_pipeline/organized_output/anime_organized_20260523_220036/cluster_00028_unknown_review,/home/ssparzival/Proyectos/GitHub/Automatic-Organization-of-Anime-Character-Images/anime_character_pipeline/organized_output/anime_organized_20260523_220036/cluster_00028_unknown_review/_folder_manifest.csv,5
cluster_00029_unknown,/home/ssparzival/Proyectos/GitHub/Automatic-Organization-of-Anime-Character-Images/anime_character_pipeline/organized_output/anime_organized_20260523_220036/cluster_00029_unknown,/home/ssparzival/Proyectos/GitHub/Automatic-Organization-of-Anime-Character-Images/anime_character_pipeline/organized_output/anime_organized_20260523_220036/cluster_00029_unknown/_folder_manifest.csv,1
cluster_00029_unknown_review,/home/ssparzival/Proyectos/GitHub/Automatic-Organization-of-Anime-Character-Images/anime_character_pipeline/organized_output/anime_organized_20260523_220036/cluster_00029_unknown_review,/home/ssparzival/Proyectos/GitHub/Automatic-Organization-of-Anime-Character-Images/anime_character_pipeline/organized_output/anime_organized_20260523_220036/cluster_00029_unknown_review/_folder_manifest.csv,9
cluster_00030_unknown,/home/ssparzival/Proyectos/GitHub/Automatic-Organization-of-Anime-Character-Images/anime_character_pipeline/organized_output/anime_organized_20260523_220036/cluster_00030_unknown,/home/ssparzival/Proyectos/GitHub/Automatic-Organization-of-Anime-Character-Images/anime_character_pipeline/organized_output/anime_organized_20260523_220036/cluster_00030_unknown/_folder_manifest.csv,3
cluster_00030_unknown_review,/home/ssparzival/Proyectos/GitHub/Automatic-Organization-of-Anime-Character-Images/anime_character_pipeline/organized_output/anime_organized_20260523_220036/cluster_00030_unknown_review,/home/ssparzival/Proyectos/GitHub/Automatic-Organization-of-Anime-Character-Images/anime_character_pipeline/organized_output/anime_organized_20260523_220036/cluster_00030_unknown_review/_folder_manifest.csv,6
cluster_00031_unknown,/home/ssparzival/Proyectos/GitHub/Automatic-Organization-of-Anime-Character-Images/anime_character_pipeline/organized_output/anime_organized_20260523_220036/cluster_00031_unknown,/home/ssparzival/Proyectos/GitHub/Automatic-Organization-of-Anime-Character-Images/anime_character_pipeline/organized_output/anime_organized_20260523_220036/cluster_00031_unknown/_folder_manifest.csv,17
cluster_00031_unknown_review,/home/ssparzival/Proyectos/GitHub/Automatic-Organization-of-Anime-Character-Images/anime_character_pipeline/organized_output/anime_organized_20260523_220036/cluster_00031_unknown_review,/home/ssparzival/Proyectos/GitHub/Automatic-Organization-of-Anime-Character-Images/anime_character_pipeline/organized_output/anime_organized_20260523_220036/cluster_00031_unknown_review/_folder_manifest.csv,10
cluster_00032_unknown,/home/ssparzival/Proyectos/GitHub/Automatic-Organization-of-Anime-Character-Images/anime_character_pipeline/organized_output/anime_organized_20260523_220036/cluster_00032_unknown,/home/ssparzival/Proyectos/GitHub/Automatic-Organization-of-Anime-Character-Images/anime_character_pipeline/organized_output/anime_organized_20260523_220036/cluster_00032_unknown/_folder_manifest.csv,5
cluster_00032_unknown_review,/home/ssparzival/Proyectos/GitHub/Automatic-Organization-of-Anime-Character-Images/anime_character_pipeline/organized_output/anime_organized_20260523_220036/cluster_00032_unknown_review,/home/ssparzival/Proyectos/GitHub/Automatic-Organization-of-Anime-Character-Images/anime_character_pipeline/organized_output/anime_organized_20260523_220036/cluster_00032_unknown_review/_folder_manifest.csv,1
cluster_00033_unknown,/home/ssparzival/Proyectos/GitHub/Automatic-Organization-of-Anime-Character-Images/anime_character_pipeline/organized_output/anime_organized_20260523_220036/cluster_00033_unknown,/home/ssparzival/Proyectos/GitHub/Automatic-Organization-of-Anime-Character-Images/anime_character_pipeline/organized_output/anime_organized_20260523_220036/cluster_00033_unknown/_folder_manifest.csv,30
cluster_00033_unknown_review,/home/ssparzival/Proyectos/GitHub/Automatic-Organization-of-Anime-Character-Images/anime_character_pipeline/organized_output/anime_organized_20260523_220036/cluster_00033_unknown_review,/home/ssparzival/Proyectos/GitHub/Automatic-Organization-of-Anime-Character-Images/anime_character_pipeline/organized_output/anime_organized_20260523_220036/cluster_00033_unknown_review/_folder_manifest.csv,5
cluster_00034_unknown,/home/ssparzival/Proyectos/GitHub/Automatic-Organization-of-Anime-Character-Images/anime_character_pipeline/organized_output/anime_organized_20260523_220036/cluster_00034_unknown,/home/ssparzival/Proyectos/GitHub/Automatic-Organization-of-Anime-Character-Images/anime_character_pipeline/organized_output/anime_organized_20260523_220036/cluster_00034_unknown/_folder_manifest.csv,13
cluster_00034_unknown_review,/home/ssparzival/Proyectos/GitHub/Automatic-Organization-of-Anime-Character-Images/anime_character_pipeline/organized_output/anime_organized_20260523_220036/cluster_00034_unknown_review,/home/ssparzival/Proyectos/GitHub/Automatic-Organization-of-Anime-Character-Images/anime_character_pipeline/organized_output/anime_organized_20260523_220036/cluster_00034_unknown_review/_folder_manifest.csv,5
cluster_00035_unknown,/home/ssparzival/Proyectos/GitHub/Automatic-Organization-of-Anime-Character-Images/anime_character_pipeline/organized_output/anime_organized_20260523_220036/cluster_00035_unknown,/home/ssparzival/Proyectos/GitHub/Automatic-Organization-of-Anime-Character-Images/anime_character_pipeline/organized_output/anime_organized_20260523_220036/cluster_00035_unknown/_folder_manifest.csv,6
cluster_00036_unknown,/home/ssparzival/Proyectos/GitHub/Automatic-Organization-of-Anime-Character-Images/anime_character_pipeline/organized_output/anime_organized_20260523_220036/cluster_00036_unknown,/home/ssparzival/Proyectos/GitHub/Automatic-Organization-of-Anime-Character-Images/anime_character_pipeline/organized_output/anime_organized_20260523_220036/cluster_00036_unknown/_folder_manifest.csv,13
cluster_00036_unknown_review,/home/ssparzival/Proyectos/GitHub/Automatic-Organization-of-Anime-Character-Images/anime_character_pipeline/organized_output/anime_organized_20260523_220036/cluster_00036_unknown_review,/home/ssparzival/Proyectos/GitHub/Automatic-Organization-of-Anime-Character-Images/anime_character_pipeline/organized_output/anime_organized_20260523_220036/cluster_00036_unknown_review/_folder_manifest.csv,10
cluster_00037_unknown,/home/ssparzival/Proyectos/GitHub/Automatic-Organization-of-Anime-Character-Images/anime_character_pipeline/organized_output/anime_organized_20260523_220036/cluster_00037_unknown,/home/ssparzival/Proyectos/GitHub/Automatic-Organization-of-Anime-Character-Images/anime_character_pipeline/organized_output/anime_organized_20260523_220036/cluster_00037_unknown/_folder_manifest.csv,9
cluster_00037_unknown_review,/home/ssparzival/Proyectos/GitHub/Automatic-Organization-of-Anime-Character-Images/anime_character_pipeline/organized_output/anime_organized_20260523_220036/cluster_00037_unknown_review,/home/ssparzival/Proyectos/GitHub/Automatic-Organization-of-Anime-Character-Images/anime_character_pipeline/organized_output/anime_organized_20260523_220036/cluster_00037_unknown_review/_folder_manifest.csv,1
cluster_00038_unknown,/home/ssparzival/Proyectos/GitHub/Automatic-Organization-of-Anime-Character-Images/anime_character_pipeline/organized_output/anime_organized_20260523_220036/cluster_00038_unknown,/home/ssparzival/Proyectos/GitHub/Automatic-Organization-of-Anime-Character-Images/anime_character_pipeline/organized_output/anime_organized_20260523_220036/cluster_00038_unknown/_folder_manifest.csv,1
cluster_00038_unknown_review,/home/ssparzival/Proyectos/GitHub/Automatic-Organization-of-Anime-Character-Images/anime_character_pipeline/organized_output/anime_organized_20260523_220036/cluster_00038_unknown_review,/home/ssparzival/Proyectos/GitHub/Automatic-Organization-of-Anime-Character-Images/anime_character_pipeline/organized_output/anime_organized_20260523_220036/cluster_00038_unknown_review/_folder_manifest.csv,4
cluster_00039_unknown,/home/ssparzival/Proyectos/GitHub/Automatic-Organization-of-Anime-Character-Images/anime_character_pipeline/organized_output/anime_organized_20260523_220036/cluster_00039_unknown,/home/ssparzival/Proyectos/GitHub/Automatic-Organization-of-Anime-Character-Images/anime_character_pipeline/organized_output/anime_organized_20260523_220036/cluster_00039_unknown/_folder_manifest.csv,40
cluster_00039_unknown_review,/home/ssparzival/Proyectos/GitHub/Automatic-Organization-of-Anime-Character-Images/anime_character_pipeline/organized_output/anime_organized_20260523_220036/cluster_00039_unknown_review,/home/ssparzival/Proyectos/GitHub/Automatic-Organization-of-Anime-Character-Images/anime_character_pipeline/organized_output/anime_organized_20260523_220036/cluster_00039_unknown_review/_folder_manifest.csv,6
cluster_00040_unknown,/home/ssparzival/Proyectos/GitHub/Automatic-Organization-of-Anime-Character-Images/anime_character_pipeline/organized_output/anime_organized_20260523_220036/cluster_00040_unknown,/home/ssparzival/Proyectos/GitHub/Automatic-Organization-of-Anime-Character-Images/anime_character_pipeline/organized_output/anime_organized_20260523_220036/cluster_00040_unknown/_folder_manifest.csv,2
cluster_00040_unknown_review,/home/ssparzival/Proyectos/GitHub/Automatic-Organization-of-Anime-Character-Images/anime_character_pipeline/organized_output/anime_organized_20260523_220036/cluster_00040_unknown_review,/home/ssparzival/Proyectos/GitHub/Automatic-Organization-of-Anime-Character-Images/anime_character_pipeline/organized_output/anime_organized_20260523_220036/cluster_00040_unknown_review/_folder_manifest.csv,3
cluster_00041_unknown,/home/ssparzival/Proyectos/GitHub/Automatic-Organization-of-Anime-Character-Images/anime_character_pipeline/organized_output/anime_organized_20260523_220036/cluster_00041_unknown,/home/ssparzival/Proyectos/GitHub/Automatic-Organization-of-Anime-Character-Images/anime_character_pipeline/organized_output/anime_organized_20260523_220036/cluster_00041_unknown/_folder_manifest.csv,8
cluster_00041_unknown_review,/home/ssparzival/Proyectos/GitHub/Automatic-Organization-of-Anime-Character-Images/anime_character_pipeline/organized_output/anime_organized_20260523_220036/cluster_00041_unknown_review,/home/ssparzival/Proyectos/GitHub/Automatic-Organization-of-Anime-Character-Images/anime_character_pipeline/organized_output/anime_organized_20260523_220036/cluster_00041_unknown_review/_folder_manifest.csv,1
cluster_00042_unknown,/home/ssparzival/Proyectos/GitHub/Automatic-Organization-of-Anime-Character-Images/anime_character_pipeline/organized_output/anime_organized_20260523_220036/cluster_00042_unknown,/home/ssparzival/Proyectos/GitHub/Automatic-Organization-of-Anime-Character-Images/anime_character_pipeline/organized_output/anime_organized_20260523_220036/cluster_00042_unknown/_folder_manifest.csv,1
cluster_00042_unknown_review,/home/ssparzival/Proyectos/GitHub/Automatic-Organization-of-Anime-Character-Images/anime_character_pipeline/organized_output/anime_organized_20260523_220036/cluster_00042_unknown_review,/home/ssparzival/Proyectos/GitHub/Automatic-Organization-of-Anime-Character-Images/anime_character_pipeline/organized_output/anime_organized_20260523_220036/cluster_00042_unknown_review/_folder_manifest.csv,5
cluster_00043_unknown,/home/ssparzival/Proyectos/GitHub/Automatic-Organization-of-Anime-Character-Images/anime_character_pipeline/organized_output/anime_organized_20260523_220036/cluster_00043_unknown,/home/ssparzival/Proyectos/GitHub/Automatic-Organization-of-Anime-Character-Images/anime_character_pipeline/organized_output/anime_organized_20260523_220036/cluster_00043_unknown/_folder_manifest.csv,3
cluster_00043_unknown_review,/home/ssparzival/Proyectos/GitHub/Automatic-Organization-of-Anime-Character-Images/anime_character_pipeline/organized_output/anime_organized_20260523_220036/cluster_00043_unknown_review,/home/ssparzival/Proyectos/GitHub/Automatic-Organization-of-Anime-Character-Images/anime_character_pipeline/organized_output/anime_organized_20260523_220036/cluster_00043_unknown_review/_folder_manifest.csv,3
cluster_00044_unknown,/home/ssparzival/Proyectos/GitHub/Automatic-Organization-of-Anime-Character-Images/anime_character_pipeline/organized_output/anime_organized_20260523_220036/cluster_00044_unknown,/home/ssparzival/Proyectos/GitHub/Automatic-Organization-of-Anime-Character-Images/anime_character_pipeline/organized_output/anime_organized_20260523_220036/cluster_00044_unknown/_folder_manifest.csv,5
cluster_00044_unknown_review,/home/ssparzival/Proyectos/GitHub/Automatic-Organization-of-Anime-Character-Images/anime_character_pipeline/organized_output/anime_organized_20260523_220036/cluster_00044_unknown_review,/home/ssparzival/Proyectos/GitHub/Automatic-Organization-of-Anime-Character-Images/anime_character_pipeline/organized_output/anime_organized_20260523_220036/cluster_00044_unknown_review/_folder_manifest.csv,1
cluster_00045_unknown,/home/ssparzival/Proyectos/GitHub/Automatic-Organization-of-Anime-Character-Images/anime_character_pipeline/organized_output/anime_organized_20260523_220036/cluster_00045_unknown,/home/ssparzival/Proyectos/GitHub/Automatic-Organization-of-Anime-Character-Images/anime_character_pipeline/organized_output/anime_organized_20260523_220036/cluster_00045_unknown/_folder_manifest.csv,3
cluster_00045_unknown_review,/home/ssparzival/Proyectos/GitHub/Automatic-Organization-of-Anime-Character-Images/anime_character_pipeline/organized_output/anime_organized_20260523_220036/cluster_00045_unknown_review,/home/ssparzival/Proyectos/GitHub/Automatic-Organization-of-Anime-Character-Images/anime_character_pipeline/organized_output/anime_organized_20260523_220036/cluster_00045_unknown_review/_folder_manifest.csv,15
cluster_00046_unknown,/home/ssparzival/Proyectos/GitHub/Automatic-Organization-of-Anime-Character-Images/anime_character_pipeline/organized_output/anime_organized_20260523_220036/cluster_00046_unknown,/home/ssparzival/Proyectos/GitHub/Automatic-Organization-of-Anime-Character-Images/anime_character_pipeline/organized_output/anime_organized_20260523_220036/cluster_00046_unknown/_folder_manifest.csv,17
cluster_00046_unknown_review,/home/ssparzival/Proyectos/GitHub/Automatic-Organization-of-Anime-Character-Images/anime_character_pipeline/organized_output/anime_organized_20260523_220036/cluster_00046_unknown_review,/home/ssparzival/Proyectos/GitHub/Automatic-Organization-of-Anime-Character-Images/anime_character_pipeline/organized_output/anime_organized_20260523_220036/cluster_00046_unknown_review/_folder_manifest.csv,6
cluster_00047_unknown,/home/ssparzival/Proyectos/GitHub/Automatic-Organization-of-Anime-Character-Images/anime_character_pipeline/organized_output/anime_organized_20260523_220036/cluster_00047_unknown,/home/ssparzival/Proyectos/GitHub/Automatic-Organization-of-Anime-Character-Images/anime_character_pipeline/organized_output/anime_organized_20260523_220036/cluster_00047_unknown/_folder_manifest.csv,6
cluster_00048_unknown,/home/ssparzival/Proyectos/GitHub/Automatic-Organization-of-Anime-Character-Images/anime_character_pipeline/organized_output/anime_organized_20260523_220036/cluster_00048_unknown,/home/ssparzival/Proyectos/GitHub/Automatic-Organization-of-Anime-Character-Images/anime_character_pipeline/organized_output/anime_organized_20260523_220036/cluster_00048_unknown/_folder_manifest.csv,24
cluster_00048_unknown_review,/home/ssparzival/Proyectos/GitHub/Automatic-Organization-of-Anime-Character-Images/anime_character_pipeline/organized_output/anime_organized_20260523_220036/cluster_00048_unknown_review,/home/ssparzival/Proyectos/GitHub/Automatic-Organization-of-Anime-Character-Images/anime_character_pipeline/organized_output/anime_organized_20260523_220036/cluster_00048_unknown_review/_folder_manifest.csv,2
cluster_00049_unknown,/home/ssparzival/Proyectos/GitHub/Automatic-Organization-of-Anime-Character-Images/anime_character_pipeline/organized_output/anime_organized_20260523_220036/cluster_00049_unknown,/home/ssparzival/Proyectos/GitHub/Automatic-Organization-of-Anime-Character-Images/anime_character_pipeline/organized_output/anime_organized_20260523_220036/cluster_00049_unknown/_folder_manifest.csv,5
cluster_00050_unknown,/home/ssparzival/Proyectos/GitHub/Automatic-Organization-of-Anime-Character-Images/anime_character_pipeline/organized_output/anime_organized_20260523_220036/cluster_00050_unknown,/home/ssparzival/Proyectos/GitHub/Automatic-Organization-of-Anime-Character-Images/anime_character_pipeline/organized_output/anime_organized_20260523_220036/cluster_00050_unknown/_folder_manifest.csv,21
cluster_00050_unknown_review,/home/ssparzival/Proyectos/GitHub/Automatic-Organization-of-Anime-Character-Images/anime_character_pipeline/organized_output/anime_organized_20260523_220036/cluster_00050_unknown_review,/home/ssparzival/Proyectos/GitHub/Automatic-Organization-of-Anime-Character-Images/anime_character_pipeline/organized_output/anime_organized_20260523_220036/cluster_00050_unknown_review/_folder_manifest.csv,7
cluster_00051_unknown,/home/ssparzival/Proyectos/GitHub/Automatic-Organization-of-Anime-Character-Images/anime_character_pipeline/organized_output/anime_organized_20260523_220036/cluster_00051_unknown,/home/ssparzival/Proyectos/GitHub/Automatic-Organization-of-Anime-Character-Images/anime_character_pipeline/organized_output/anime_organized_20260523_220036/cluster_00051_unknown/_folder_manifest.csv,16
cluster_00051_unknown_review,/home/ssparzival/Proyectos/GitHub/Automatic-Organization-of-Anime-Character-Images/anime_character_pipeline/organized_output/anime_organized_20260523_220036/cluster_00051_unknown_review,/home/ssparzival/Proyectos/GitHub/Automatic-Organization-of-Anime-Character-Images/anime_character_pipeline/organized_output/anime_organized_20260523_220036/cluster_00051_unknown_review/_folder_manifest.csv,1
cluster_00052_unknown,/home/ssparzival/Proyectos/GitHub/Automatic-Organization-of-Anime-Character-Images/anime_character_pipeline/organized_output/anime_organized_20260523_220036/cluster_00052_unknown,/home/ssparzival/Proyectos/GitHub/Automatic-Organization-of-Anime-Character-Images/anime_character_pipeline/organized_output/anime_organized_20260523_220036/cluster_00052_unknown/_folder_manifest.csv,5
cluster_00052_unknown_review,/home/ssparzival/Proyectos/GitHub/Automatic-Organization-of-Anime-Character-Images/anime_character_pipeline/organized_output/anime_organized_20260523_220036/cluster_00052_unknown_review,/home/ssparzival/Proyectos/GitHub/Automatic-Organization-of-Anime-Character-Images/anime_character_pipeline/organized_output/anime_organized_20260523_220036/cluster_00052_unknown_review/_folder_manifest.csv,1
cluster_00053_unknown,/home/ssparzival/Proyectos/GitHub/Automatic-Organization-of-Anime-Character-Images/anime_character_pipeline/organized_output/anime_organized_20260523_220036/cluster_00053_unknown,/home/ssparzival/Proyectos/GitHub/Automatic-Organization-of-Anime-Character-Images/anime_character_pipeline/organized_output/anime_organized_20260523_220036/cluster_00053_unknown/_folder_manifest.csv,5
cluster_00054_unknown,/home/ssparzival/Proyectos/GitHub/Automatic-Organization-of-Anime-Character-Images/anime_character_pipeline/organized_output/anime_organized_20260523_220036/cluster_00054_unknown,/home/ssparzival/Proyectos/GitHub/Automatic-Organization-of-Anime-Character-Images/anime_character_pipeline/organized_output/anime_organized_20260523_220036/cluster_00054_unknown/_folder_manifest.csv,5
cluster_00054_unknown_review,/home/ssparzival/Proyectos/GitHub/Automatic-Organization-of-Anime-Character-Images/anime_character_pipeline/organized_output/anime_organized_20260523_220036/cluster_00054_unknown_review,/home/ssparzival/Proyectos/GitHub/Automatic-Organization-of-Anime-Character-Images/anime_character_pipeline/organized_output/anime_organized_20260523_220036/cluster_00054_unknown_review/_folder_manifest.csv,3
cluster_00055_unknown,/home/ssparzival/Proyectos/GitHub/Automatic-Organization-of-Anime-Character-Images/anime_character_pipeline/organized_output/anime_organized_20260523_220036/cluster_00055_unknown,/home/ssparzival/Proyectos/GitHub/Automatic-Organization-of-Anime-Character-Images/anime_character_pipeline/organized_output/anime_organized_20260523_220036/cluster_00055_unknown/_folder_manifest.csv,11
cluster_00056_unknown,/home/ssparzival/Proyectos/GitHub/Automatic-Organization-of-Anime-Character-Images/anime_character_pipeline/organized_output/anime_organized_20260523_220036/cluster_00056_unknown,/home/ssparzival/Proyectos/GitHub/Automatic-Organization-of-Anime-Character-Images/anime_character_pipeline/organized_output/anime_organized_20260523_220036/cluster_00056_unknown/_folder_manifest.csv,44
cluster_00056_unknown_review,/home/ssparzival/Proyectos/GitHub/Automatic-Organization-of-Anime-Character-Images/anime_character_pipeline/organized_output/anime_organized_20260523_220036/cluster_00056_unknown_review,/home/ssparzival/Proyectos/GitHub/Automatic-Organization-of-Anime-Character-Images/anime_character_pipeline/organized_output/anime_organized_20260523_220036/cluster_00056_unknown_review/_folder_manifest.csv,13
cluster_00057_unknown,/home/ssparzival/Proyectos/GitHub/Automatic-Organization-of-Anime-Character-Images/anime_character_pipeline/organized_output/anime_organized_20260523_220036/cluster_00057_unknown,/home/ssparzival/Proyectos/GitHub/Automatic-Organization-of-Anime-Character-Images/anime_character_pipeline/organized_output/anime_organized_20260523_220036/cluster_00057_unknown/_folder_manifest.csv,22
cluster_00057_unknown_review,/home/ssparzival/Proyectos/GitHub/Automatic-Organization-of-Anime-Character-Images/anime_character_pipeline/organized_output/anime_organized_20260523_220036/cluster_00057_unknown_review,/home/ssparzival/Proyectos/GitHub/Automatic-Organization-of-Anime-Character-Images/anime_character_pipeline/organized_output/anime_organized_20260523_220036/cluster_00057_unknown_review/_folder_manifest.csv,5
cluster_00058_unknown,/home/ssparzival/Proyectos/GitHub/Automatic-Organization-of-Anime-Character-Images/anime_character_pipeline/organized_output/anime_organized_20260523_220036/cluster_00058_unknown,/home/ssparzival/Proyectos/GitHub/Automatic-Organization-of-Anime-Character-Images/anime_character_pipeline/organized_output/anime_organized_20260523_220036/cluster_00058_unknown/_folder_manifest.csv,11
cluster_00058_unknown_review,/home/ssparzival/Proyectos/GitHub/Automatic-Organization-of-Anime-Character-Images/anime_character_pipeline/organized_output/anime_organized_20260523_220036/cluster_00058_unknown_review,/home/ssparzival/Proyectos/GitHub/Automatic-Organization-of-Anime-Character-Images/anime_character_pipeline/organized_output/anime_organized_20260523_220036/cluster_00058_unknown_review/_folder_manifest.csv,4
cluster_00059_unknown,/home/ssparzival/Proyectos/GitHub/Automatic-Organization-of-Anime-Character-Images/anime_character_pipeline/organized_output/anime_organized_20260523_220036/cluster_00059_unknown,/home/ssparzival/Proyectos/GitHub/Automatic-Organization-of-Anime-Character-Images/anime_character_pipeline/organized_output/anime_organized_20260523_220036/cluster_00059_unknown/_folder_manifest.csv,6
cluster_00060_unknown,/home/ssparzival/Proyectos/GitHub/Automatic-Organization-of-Anime-Character-Images/anime_character_pipeline/organized_output/anime_organized_20260523_220036/cluster_00060_unknown,/home/ssparzival/Proyectos/GitHub/Automatic-Organization-of-Anime-Character-Images/anime_character_pipeline/organized_output/anime_organized_20260523_220036/cluster_00060_unknown/_folder_manifest.csv,25
cluster_00060_unknown_review,/home/ssparzival/Proyectos/GitHub/Automatic-Organization-of-Anime-Character-Images/anime_character_pipeline/organized_output/anime_organized_20260523_220036/cluster_00060_unknown_review,/home/ssparzival/Proyectos/GitHub/Automatic-Organization-of-Anime-Character-Images/anime_character_pipeline/organized_output/anime_organized_20260523_220036/cluster_00060_unknown_review/_folder_manifest.csv,3
cluster_00061_unknown,/home/ssparzival/Proyectos/GitHub/Automatic-Organization-of-Anime-Character-Images/anime_character_pipeline/organized_output/anime_organized_20260523_220036/cluster_00061_unknown,/home/ssparzival/Proyectos/GitHub/Automatic-Organization-of-Anime-Character-Images/anime_character_pipeline/organized_output/anime_organized_20260523_220036/cluster_00061_unknown/_folder_manifest.csv,18
cluster_00061_unknown_review,/home/ssparzival/Proyectos/GitHub/Automatic-Organization-of-Anime-Character-Images/anime_character_pipeline/organized_output/anime_organized_20260523_220036/cluster_00061_unknown_review,/home/ssparzival/Proyectos/GitHub/Automatic-Organization-of-Anime-Character-Images/anime_character_pipeline/organized_output/anime_organized_20260523_220036/cluster_00061_unknown_review/_folder_manifest.csv,3
cluster_00062_unknown,/home/ssparzival/Proyectos/GitHub/Automatic-Organization-of-Anime-Character-Images/anime_character_pipeline/organized_output/anime_organized_20260523_220036/cluster_00062_unknown,/home/ssparzival/Proyectos/GitHub/Automatic-Organization-of-Anime-Character-Images/anime_character_pipeline/organized_output/anime_organized_20260523_220036/cluster_00062_unknown/_folder_manifest.csv,9
cluster_00063_unknown,/home/ssparzival/Proyectos/GitHub/Automatic-Organization-of-Anime-Character-Images/anime_character_pipeline/organized_output/anime_organized_20260523_220036/cluster_00063_unknown,/home/ssparzival/Proyectos/GitHub/Automatic-Organization-of-Anime-Character-Images/anime_character_pipeline/organized_output/anime_organized_20260523_220036/cluster_00063_unknown/_folder_manifest.csv,11
cluster_00064_unknown,/home/ssparzival/Proyectos/GitHub/Automatic-Organization-of-Anime-Character-Images/anime_character_pipeline/organized_output/anime_organized_20260523_220036/cluster_00064_unknown,/home/ssparzival/Proyectos/GitHub/Automatic-Organization-of-Anime-Character-Images/anime_character_pipeline/organized_output/anime_organized_20260523_220036/cluster_00064_unknown/_folder_manifest.csv,21
cluster_00064_unknown_review,/home/ssparzival/Proyectos/GitHub/Automatic-Organization-of-Anime-Character-Images/anime_character_pipeline/organized_output/anime_organized_20260523_220036/cluster_00064_unknown_review,/home/ssparzival/Proyectos/GitHub/Automatic-Organization-of-Anime-Character-Images/anime_character_pipeline/organized_output/anime_organized_20260523_220036/cluster_00064_unknown_review/_folder_manifest.csv,1
cluster_00065_unknown,/home/ssparzival/Proyectos/GitHub/Automatic-Organization-of-Anime-Character-Images/anime_character_pipeline/organized_output/anime_organized_20260523_220036/cluster_00065_unknown,/home/ssparzival/Proyectos/GitHub/Automatic-Organization-of-Anime-Character-Images/anime_character_pipeline/organized_output/anime_organized_20260523_220036/cluster_00065_unknown/_folder_manifest.csv,5
cluster_00065_unknown_review,/home/ssparzival/Proyectos/GitHub/Automatic-Organization-of-Anime-Character-Images/anime_character_pipeline/organized_output/anime_organized_20260523_220036/cluster_00065_unknown_review,/home/ssparzival/Proyectos/GitHub/Automatic-Organization-of-Anime-Character-Images/anime_character_pipeline/organized_output/anime_organized_20260523_220036/cluster_00065_unknown_review/_folder_manifest.csv,2
cluster_00066_unknown,/home/ssparzival/Proyectos/GitHub/Automatic-Organization-of-Anime-Character-Images/anime_character_pipeline/organized_output/anime_organized_20260523_220036/cluster_00066_unknown,/home/ssparzival/Proyectos/GitHub/Automatic-Organization-of-Anime-Character-Images/anime_character_pipeline/organized_output/anime_organized_20260523_220036/cluster_00066_unknown/_folder_manifest.csv,12
cluster_00066_unknown_review,/home/ssparzival/Proyectos/GitHub/Automatic-Organization-of-Anime-Character-Images/anime_character_pipeline/organized_output/anime_organized_20260523_220036/cluster_00066_unknown_review,/home/ssparzival/Proyectos/GitHub/Automatic-Organization-of-Anime-Character-Images/anime_character_pipeline/organized_output/anime_organized_20260523_220036/cluster_00066_unknown_review/_folder_manifest.csv,1
cluster_00067_unknown,/home/ssparzival/Proyectos/GitHub/Automatic-Organization-of-Anime-Character-Images/anime_character_pipeline/organized_output/anime_organized_20260523_220036/cluster_00067_unknown,/home/ssparzival/Proyectos/GitHub/Automatic-Organization-of-Anime-Character-Images/anime_character_pipeline/organized_output/anime_organized_20260523_220036/cluster_00067_unknown/_folder_manifest.csv,11
cluster_00067_unknown_review,/home/ssparzival/Proyectos/GitHub/Automatic-Organization-of-Anime-Character-Images/anime_character_pipeline/organized_output/anime_organized_20260523_220036/cluster_00067_unknown_review,/home/ssparzival/Proyectos/GitHub/Automatic-Organization-of-Anime-Character-Images/anime_character_pipeline/organized_output/anime_organized_20260523_220036/cluster_00067_unknown_review/_folder_manifest.csv,4
cluster_00068_unknown,/home/ssparzival/Proyectos/GitHub/Automatic-Organization-of-Anime-Character-Images/anime_character_pipeline/organized_output/anime_organized_20260523_220036/cluster_00068_unknown,/home/ssparzival/Proyectos/GitHub/Automatic-Organization-of-Anime-Character-Images/anime_character_pipeline/organized_output/anime_organized_20260523_220036/cluster_00068_unknown/_folder_manifest.csv,7
cluster_00068_unknown_review,/home/ssparzival/Proyectos/GitHub/Automatic-Organization-of-Anime-Character-Images/anime_character_pipeline/organized_output/anime_organized_20260523_220036/cluster_00068_unknown_review,/home/ssparzival/Proyectos/GitHub/Automatic-Organization-of-Anime-Character-Images/anime_character_pipeline/organized_output/anime_organized_20260523_220036/cluster_00068_unknown_review/_folder_manifest.csv,3
cluster_00069_unknown,/home/ssparzival/Proyectos/GitHub/Automatic-Organization-of-Anime-Character-Images/anime_character_pipeline/organized_output/anime_organized_20260523_220036/cluster_00069_unknown,/home/ssparzival/Proyectos/GitHub/Automatic-Organization-of-Anime-Character-Images/anime_character_pipeline/organized_output/anime_organized_20260523_220036/cluster_00069_unknown/_folder_manifest.csv,20
cluster_00069_unknown_review,/home/ssparzival/Proyectos/GitHub/Automatic-Organization-of-Anime-Character-Images/anime_character_pipeline/organized_output/anime_organized_20260523_220036/cluster_00069_unknown_review,/home/ssparzival/Proyectos/GitHub/Automatic-Organization-of-Anime-Character-Images/anime_character_pipeline/organized_output/anime_organized_20260523_220036/cluster_00069_unknown_review/_folder_manifest.csv,1
cluster_00070_unknown,/home/ssparzival/Proyectos/GitHub/Automatic-Organization-of-Anime-Character-Images/anime_character_pipeline/organized_output/anime_organized_20260523_220036/cluster_00070_unknown,/home/ssparzival/Proyectos/GitHub/Automatic-Organization-of-Anime-Character-Images/anime_character_pipeline/organized_output/anime_organized_20260523_220036/cluster_00070_unknown/_folder_manifest.csv,10
cluster_00070_unknown_review,/home/ssparzival/Proyectos/GitHub/Automatic-Organization-of-Anime-Character-Images/anime_character_pipeline/organized_output/anime_organized_20260523_220036/cluster_00070_unknown_review,/home/ssparzival/Proyectos/GitHub/Automatic-Organization-of-Anime-Character-Images/anime_character_pipeline/organized_output/anime_organized_20260523_220036/cluster_00070_unknown_review/_folder_manifest.csv,4
cluster_00071_unknown,/home/ssparzival/Proyectos/GitHub/Automatic-Organization-of-Anime-Character-Images/anime_character_pipeline/organized_output/anime_organized_20260523_220036/cluster_00071_unknown,/home/ssparzival/Proyectos/GitHub/Automatic-Organization-of-Anime-Character-Images/anime_character_pipeline/organized_output/anime_organized_20260523_220036/cluster_00071_unknown/_folder_manifest.csv,9
cluster_00071_unknown_review,/home/ssparzival/Proyectos/GitHub/Automatic-Organization-of-Anime-Character-Images/anime_character_pipeline/organized_output/anime_organized_20260523_220036/cluster_00071_unknown_review,/home/ssparzival/Proyectos/GitHub/Automatic-Organization-of-Anime-Character-Images/anime_character_pipeline/organized_output/anime_organized_20260523_220036/cluster_00071_unknown_review/_folder_manifest.csv,4
cluster_00072_unknown,/home/ssparzival/Proyectos/GitHub/Automatic-Organization-of-Anime-Character-Images/anime_character_pipeline/organized_output/anime_organized_20260523_220036/cluster_00072_unknown,/home/ssparzival/Proyectos/GitHub/Automatic-Organization-of-Anime-Character-Images/anime_character_pipeline/organized_output/anime_organized_20260523_220036/cluster_00072_unknown/_folder_manifest.csv,6
cluster_00073_unknown,/home/ssparzival/Proyectos/GitHub/Automatic-Organization-of-Anime-Character-Images/anime_character_pipeline/organized_output/anime_organized_20260523_220036/cluster_00073_unknown,/home/ssparzival/Proyectos/GitHub/Automatic-Organization-of-Anime-Character-Images/anime_character_pipeline/organized_output/anime_organized_20260523_220036/cluster_00073_unknown/_folder_manifest.csv,6
cluster_00073_unknown_review,/home/ssparzival/Proyectos/GitHub/Automatic-Organization-of-Anime-Character-Images/anime_character_pipeline/organized_output/anime_organized_20260523_220036/cluster_00073_unknown_review,/home/ssparzival/Proyectos/GitHub/Automatic-Organization-of-Anime-Character-Images/anime_character_pipeline/organized_output/anime_organized_20260523_220036/cluster_00073_unknown_review/_folder_manifest.csv,1
cluster_00074_unknown,/home/ssparzival/Proyectos/GitHub/Automatic-Organization-of-Anime-Character-Images/anime_character_pipeline/organized_output/anime_organized_20260523_220036/cluster_00074_unknown,/home/ssparzival/Proyectos/GitHub/Automatic-Organization-of-Anime-Character-Images/anime_character_pipeline/organized_output/anime_organized_20260523_220036/cluster_00074_unknown/_folder_manifest.csv,8
cluster_00074_unknown_review,/home/ssparzival/Proyectos/GitHub/Automatic-Organization-of-Anime-Character-Images/anime_character_pipeline/organized_output/anime_organized_20260523_220036/cluster_00074_unknown_review,/home/ssparzival/Proyectos/GitHub/Automatic-Organization-of-Anime-Character-Images/anime_character_pipeline/organized_output/anime_organized_20260523_220036/cluster_00074_unknown_review/_folder_manifest.csv,1
cluster_00075_unknown,/home/ssparzival/Proyectos/GitHub/Automatic-Organization-of-Anime-Character-Images/anime_character_pipeline/organized_output/anime_organized_20260523_220036/cluster_00075_unknown,/home/ssparzival/Proyectos/GitHub/Automatic-Organization-of-Anime-Character-Images/anime_character_pipeline/organized_output/anime_organized_20260523_220036/cluster_00075_unknown/_folder_manifest.csv,8
cluster_00076_unknown,/home/ssparzival/Proyectos/GitHub/Automatic-Organization-of-Anime-Character-Images/anime_character_pipeline/organized_output/anime_organized_20260523_220036/cluster_00076_unknown,/home/ssparzival/Proyectos/GitHub/Automatic-Organization-of-Anime-Character-Images/anime_character_pipeline/organized_output/anime_organized_20260523_220036/cluster_00076_unknown/_folder_manifest.csv,7
cluster_00076_unknown_review,/home/ssparzival/Proyectos/GitHub/Automatic-Organization-of-Anime-Character-Images/anime_character_pipeline/organized_output/anime_organized_20260523_220036/cluster_00076_unknown_review,/home/ssparzival/Proyectos/GitHub/Automatic-Organization-of-Anime-Character-Images/anime_character_pipeline/organized_output/anime_organized_20260523_220036/cluster_00076_unknown_review/_folder_manifest.csv,2
cluster_00077_unknown,/home/ssparzival/Proyectos/GitHub/Automatic-Organization-of-Anime-Character-Images/anime_character_pipeline/organized_output/anime_organized_20260523_220036/cluster_00077_unknown,/home/ssparzival/Proyectos/GitHub/Automatic-Organization-of-Anime-Character-Images/anime_character_pipeline/organized_output/anime_organized_20260523_220036/cluster_00077_unknown/_folder_manifest.csv,5
cluster_00077_unknown_review,/home/ssparzival/Proyectos/GitHub/Automatic-Organization-of-Anime-Character-Images/anime_character_pipeline/organized_output/anime_organized_20260523_220036/cluster_00077_unknown_review,/home/ssparzival/Proyectos/GitHub/Automatic-Organization-of-Anime-Character-Images/anime_character_pipeline/organized_output/anime_organized_20260523_220036/cluster_00077_unknown_review/_folder_manifest.csv,3
cluster_00078_unknown,/home/ssparzival/Proyectos/GitHub/Automatic-Organization-of-Anime-Character-Images/anime_character_pipeline/organized_output/anime_organized_20260523_220036/cluster_00078_unknown,/home/ssparzival/Proyectos/GitHub/Automatic-Organization-of-Anime-Character-Images/anime_character_pipeline/organized_output/anime_organized_20260523_220036/cluster_00078_unknown/_folder_manifest.csv,7
cluster_00079_unknown,/home/ssparzival/Proyectos/GitHub/Automatic-Organization-of-Anime-Character-Images/anime_character_pipeline/organized_output/anime_organized_20260523_220036/cluster_00079_unknown,/home/ssparzival/Proyectos/GitHub/Automatic-Organization-of-Anime-Character-Images/anime_character_pipeline/organized_output/anime_organized_20260523_220036/cluster_00079_unknown/_folder_manifest.csv,20
cluster_00079_unknown_review,/home/ssparzival/Proyectos/GitHub/Automatic-Organization-of-Anime-Character-Images/anime_character_pipeline/organized_output/anime_organized_20260523_220036/cluster_00079_unknown_review,/home/ssparzival/Proyectos/GitHub/Automatic-Organization-of-Anime-Character-Images/anime_character_pipeline/organized_output/anime_organized_20260523_220036/cluster_00079_unknown_review/_folder_manifest.csv,3
cluster_00080_unknown,/home/ssparzival/Proyectos/GitHub/Automatic-Organization-of-Anime-Character-Images/anime_character_pipeline/organized_output/anime_organized_20260523_220036/cluster_00080_unknown,/home/ssparzival/Proyectos/GitHub/Automatic-Organization-of-Anime-Character-Images/anime_character_pipeline/organized_output/anime_organized_20260523_220036/cluster_00080_unknown/_folder_manifest.csv,19
cluster_00080_unknown_review,/home/ssparzival/Proyectos/GitHub/Automatic-Organization-of-Anime-Character-Images/anime_character_pipeline/organized_output/anime_organized_20260523_220036/cluster_00080_unknown_review,/home/ssparzival/Proyectos/GitHub/Automatic-Organization-of-Anime-Character-Images/anime_character_pipeline/organized_output/anime_organized_20260523_220036/cluster_00080_unknown_review/_folder_manifest.csv,8
cluster_00081_unknown,/home/ssparzival/Proyectos/GitHub/Automatic-Organization-of-Anime-Character-Images/anime_character_pipeline/organized_output/anime_organized_20260523_220036/cluster_00081_unknown,/home/ssparzival/Proyectos/GitHub/Automatic-Organization-of-Anime-Character-Images/anime_character_pipeline/organized_output/anime_organized_20260523_220036/cluster_00081_unknown/_folder_manifest.csv,6
cluster_00081_unknown_review,/home/ssparzival/Proyectos/GitHub/Automatic-Organization-of-Anime-Character-Images/anime_character_pipeline/organized_output/anime_organized_20260523_220036/cluster_00081_unknown_review,/home/ssparzival/Proyectos/GitHub/Automatic-Organization-of-Anime-Character-Images/anime_character_pipeline/organized_output/anime_organized_20260523_220036/cluster_00081_unknown_review/_folder_manifest.csv,3
cluster_00082_unknown,/home/ssparzival/Proyectos/GitHub/Automatic-Organization-of-Anime-Character-Images/anime_character_pipeline/organized_output/anime_organized_20260523_220036/cluster_00082_unknown,/home/ssparzival/Proyectos/GitHub/Automatic-Organization-of-Anime-Character-Images/anime_character_pipeline/organized_output/anime_organized_20260523_220036/cluster_00082_unknown/_folder_manifest.csv,3
cluster_00082_unknown_review,/home/ssparzival/Proyectos/GitHub/Automatic-Organization-of-Anime-Character-Images/anime_character_pipeline/organized_output/anime_organized_20260523_220036/cluster_00082_unknown_review,/home/ssparzival/Proyectos/GitHub/Automatic-Organization-of-Anime-Character-Images/anime_character_pipeline/organized_output/anime_organized_20260523_220036/cluster_00082_unknown_review/_folder_manifest.csv,2
cluster_00083_unknown,/home/ssparzival/Proyectos/GitHub/Automatic-Organization-of-Anime-Character-Images/anime_character_pipeline/organized_output/anime_organized_20260523_220036/cluster_00083_unknown,/home/ssparzival/Proyectos/GitHub/Automatic-Organization-of-Anime-Character-Images/anime_character_pipeline/organized_output/anime_organized_20260523_220036/cluster_00083_unknown/_folder_manifest.csv,22
cluster_00083_unknown_review,/home/ssparzival/Proyectos/GitHub/Automatic-Organization-of-Anime-Character-Images/anime_character_pipeline/organized_output/anime_organized_20260523_220036/cluster_00083_unknown_review,/home/ssparzival/Proyectos/GitHub/Automatic-Organization-of-Anime-Character-Images/anime_character_pipeline/organized_output/anime_organized_20260523_220036/cluster_00083_unknown_review/_folder_manifest.csv,2
cluster_00084_unknown,/home/ssparzival/Proyectos/GitHub/Automatic-Organization-of-Anime-Character-Images/anime_character_pipeline/organized_output/anime_organized_20260523_220036/cluster_00084_unknown,/home/ssparzival/Proyectos/GitHub/Automatic-Organization-of-Anime-Character-Images/anime_character_pipeline/organized_output/anime_organized_20260523_220036/cluster_00084_unknown/_folder_manifest.csv,14
cluster_00084_unknown_review,/home/ssparzival/Proyectos/GitHub/Automatic-Organization-of-Anime-Character-Images/anime_character_pipeline/organized_output/anime_organized_20260523_220036/cluster_00084_unknown_review,/home/ssparzival/Proyectos/GitHub/Automatic-Organization-of-Anime-Character-Images/anime_character_pipeline/organized_output/anime_organized_20260523_220036/cluster_00084_unknown_review/_folder_manifest.csv,10
cluster_00085_unknown,/home/ssparzival/Proyectos/GitHub/Automatic-Organization-of-Anime-Character-Images/anime_character_pipeline/organized_output/anime_organized_20260523_220036/cluster_00085_unknown,/home/ssparzival/Proyectos/GitHub/Automatic-Organization-of-Anime-Character-Images/anime_character_pipeline/organized_output/anime_organized_20260523_220036/cluster_00085_unknown/_folder_manifest.csv,13
cluster_00085_unknown_review,/home/ssparzival/Proyectos/GitHub/Automatic-Organization-of-Anime-Character-Images/anime_character_pipeline/organized_output/anime_organized_20260523_220036/cluster_00085_unknown_review,/home/ssparzival/Proyectos/GitHub/Automatic-Organization-of-Anime-Character-Images/anime_character_pipeline/organized_output/anime_organized_20260523_220036/cluster_00085_unknown_review/_folder_manifest.csv,3
cluster_00086_unknown,/home/ssparzival/Proyectos/GitHub/Automatic-Organization-of-Anime-Character-Images/anime_character_pipeline/organized_output/anime_organized_20260523_220036/cluster_00086_unknown,/home/ssparzival/Proyectos/GitHub/Automatic-Organization-of-Anime-Character-Images/anime_character_pipeline/organized_output/anime_organized_20260523_220036/cluster_00086_unknown/_folder_manifest.csv,14
cluster_00087_unknown,/home/ssparzival/Proyectos/GitHub/Automatic-Organization-of-Anime-Character-Images/anime_character_pipeline/organized_output/anime_organized_20260523_220036/cluster_00087_unknown,/home/ssparzival/Proyectos/GitHub/Automatic-Organization-of-Anime-Character-Images/anime_character_pipeline/organized_output/anime_organized_20260523_220036/cluster_00087_unknown/_folder_manifest.csv,24
cluster_00087_unknown_review,/home/ssparzival/Proyectos/GitHub/Automatic-Organization-of-Anime-Character-Images/anime_character_pipeline/organized_output/anime_organized_20260523_220036/cluster_00087_unknown_review,/home/ssparzival/Proyectos/GitHub/Automatic-Organization-of-Anime-Character-Images/anime_character_pipeline/organized_output/anime_organized_20260523_220036/cluster_00087_unknown_review/_folder_manifest.csv,5
cluster_00088_unknown,/home/ssparzival/Proyectos/GitHub/Automatic-Organization-of-Anime-Character-Images/anime_character_pipeline/organized_output/anime_organized_20260523_220036/cluster_00088_unknown,/home/ssparzival/Proyectos/GitHub/Automatic-Organization-of-Anime-Character-Images/anime_character_pipeline/organized_output/anime_organized_20260523_220036/cluster_00088_unknown/_folder_manifest.csv,11
cluster_00088_unknown_review,/home/ssparzival/Proyectos/GitHub/Automatic-Organization-of-Anime-Character-Images/anime_character_pipeline/organized_output/anime_organized_20260523_220036/cluster_00088_unknown_review,/home/ssparzival/Proyectos/GitHub/Automatic-Organization-of-Anime-Character-Images/anime_character_pipeline/organized_output/anime_organized_20260523_220036/cluster_00088_unknown_review/_folder_manifest.csv,1
cluster_00089_unknown,/home/ssparzival/Proyectos/GitHub/Automatic-Organization-of-Anime-Character-Images/anime_character_pipeline/organized_output/anime_organized_20260523_220036/cluster_00089_unknown,/home/ssparzival/Proyectos/GitHub/Automatic-Organization-of-Anime-Character-Images/anime_character_pipeline/organized_output/anime_organized_20260523_220036/cluster_00089_unknown/_folder_manifest.csv,7
cluster_00089_unknown_review,/home/ssparzival/Proyectos/GitHub/Automatic-Organization-of-Anime-Character-Images/anime_character_pipeline/organized_output/anime_organized_20260523_220036/cluster_00089_unknown_review,/home/ssparzival/Proyectos/GitHub/Automatic-Organization-of-Anime-Character-Images/anime_character_pipeline/organized_output/anime_organized_20260523_220036/cluster_00089_unknown_review/_folder_manifest.csv,1
cluster_00090_unknown,/home/ssparzival/Proyectos/GitHub/Automatic-Organization-of-Anime-Character-Images/anime_character_pipeline/organized_output/anime_organized_20260523_220036/cluster_00090_unknown,/home/ssparzival/Proyectos/GitHub/Automatic-Organization-of-Anime-Character-Images/anime_character_pipeline/organized_output/anime_organized_20260523_220036/cluster_00090_unknown/_folder_manifest.csv,4
cluster_00090_unknown_review,/home/ssparzival/Proyectos/GitHub/Automatic-Organization-of-Anime-Character-Images/anime_character_pipeline/organized_output/anime_organized_20260523_220036/cluster_00090_unknown_review,/home/ssparzival/Proyectos/GitHub/Automatic-Organization-of-Anime-Character-Images/anime_character_pipeline/organized_output/anime_organized_20260523_220036/cluster_00090_unknown_review/_folder_manifest.csv,2
cluster_00091_unknown,/home/ssparzival/Proyectos/GitHub/Automatic-Organization-of-Anime-Character-Images/anime_character_pipeline/organized_output/anime_organized_20260523_220036/cluster_00091_unknown,/home/ssparzival/Proyectos/GitHub/Automatic-Organization-of-Anime-Character-Images/anime_character_pipeline/organized_output/anime_organized_20260523_220036/cluster_00091_unknown/_folder_manifest.csv,15
cluster_00092_unknown,/home/ssparzival/Proyectos/GitHub/Automatic-Organization-of-Anime-Character-Images/anime_character_pipeline/organized_output/anime_organized_20260523_220036/cluster_00092_unknown,/home/ssparzival/Proyectos/GitHub/Automatic-Organization-of-Anime-Character-Images/anime_character_pipeline/organized_output/anime_organized_20260523_220036/cluster_00092_unknown/_folder_manifest.csv,6
cluster_00093_unknown,/home/ssparzival/Proyectos/GitHub/Automatic-Organization-of-Anime-Character-Images/anime_character_pipeline/organized_output/anime_organized_20260523_220036/cluster_00093_unknown,/home/ssparzival/Proyectos/GitHub/Automatic-Organization-of-Anime-Character-Images/anime_character_pipeline/organized_output/anime_organized_20260523_220036/cluster_00093_unknown/_folder_manifest.csv,3
cluster_00093_unknown_review,/home/ssparzival/Proyectos/GitHub/Automatic-Organization-of-Anime-Character-Images/anime_character_pipeline/organized_output/anime_organized_20260523_220036/cluster_00093_unknown_review,/home/ssparzival/Proyectos/GitHub/Automatic-Organization-of-Anime-Character-Images/anime_character_pipeline/organized_output/anime_organized_20260523_220036/cluster_00093_unknown_review/_folder_manifest.csv,2
cluster_00094_unknown,/home/ssparzival/Proyectos/GitHub/Automatic-Organization-of-Anime-Character-Images/anime_character_pipeline/organized_output/anime_organized_20260523_220036/cluster_00094_unknown,/home/ssparzival/Proyectos/GitHub/Automatic-Organization-of-Anime-Character-Images/anime_character_pipeline/organized_output/anime_organized_20260523_220036/cluster_00094_unknown/_folder_manifest.csv,38
cluster_00094_unknown_review,/home/ssparzival/Proyectos/GitHub/Automatic-Organization-of-Anime-Character-Images/anime_character_pipeline/organized_output/anime_organized_20260523_220036/cluster_00094_unknown_review,/home/ssparzival/Proyectos/GitHub/Automatic-Organization-of-Anime-Character-Images/anime_character_pipeline/organized_output/anime_organized_20260523_220036/cluster_00094_unknown_review/_folder_manifest.csv,8
cluster_00095_unknown,/home/ssparzival/Proyectos/GitHub/Automatic-Organization-of-Anime-Character-Images/anime_character_pipeline/organized_output/anime_organized_20260523_220036/cluster_00095_unknown,/home/ssparzival/Proyectos/GitHub/Automatic-Organization-of-Anime-Character-Images/anime_character_pipeline/organized_output/anime_organized_20260523_220036/cluster_00095_unknown/_folder_manifest.csv,7
cluster_00095_unknown_review,/home/ssparzival/Proyectos/GitHub/Automatic-Organization-of-Anime-Character-Images/anime_character_pipeline/organized_output/anime_organized_20260523_220036/cluster_00095_unknown_review,/home/ssparzival/Proyectos/GitHub/Automatic-Organization-of-Anime-Character-Images/anime_character_pipeline/organized_output/anime_organized_20260523_220036/cluster_00095_unknown_review/_folder_manifest.csv,2
cluster_00096_unknown,/home/ssparzival/Proyectos/GitHub/Automatic-Organization-of-Anime-Character-Images/anime_character_pipeline/organized_output/anime_organized_20260523_220036/cluster_00096_unknown,/home/ssparzival/Proyectos/GitHub/Automatic-Organization-of-Anime-Character-Images/anime_character_pipeline/organized_output/anime_organized_20260523_220036/cluster_00096_unknown/_folder_manifest.csv,23
cluster_00096_unknown_review,/home/ssparzival/Proyectos/GitHub/Automatic-Organization-of-Anime-Character-Images/anime_character_pipeline/organized_output/anime_organized_20260523_220036/cluster_00096_unknown_review,/home/ssparzival/Proyectos/GitHub/Automatic-Organization-of-Anime-Character-Images/anime_character_pipeline/organized_output/anime_organized_20260523_220036/cluster_00096_unknown_review/_folder_manifest.csv,6
cluster_00097_unknown,/home/ssparzival/Proyectos/GitHub/Automatic-Organization-of-Anime-Character-Images/anime_character_pipeline/organized_output/anime_organized_20260523_220036/cluster_00097_unknown,/home/ssparzival/Proyectos/GitHub/Automatic-Organization-of-Anime-Character-Images/anime_character_pipeline/organized_output/anime_organized_20260523_220036/cluster_00097_unknown/_folder_manifest.csv,11
cluster_00097_unknown_review,/home/ssparzival/Proyectos/GitHub/Automatic-Organization-of-Anime-Character-Images/anime_character_pipeline/organized_output/anime_organized_20260523_220036/cluster_00097_unknown_review,/home/ssparzival/Proyectos/GitHub/Automatic-Organization-of-Anime-Character-Images/anime_character_pipeline/organized_output/anime_organized_20260523_220036/cluster_00097_unknown_review/_folder_manifest.csv,1
cluster_00098_unknown,/home/ssparzival/Proyectos/GitHub/Automatic-Organization-of-Anime-Character-Images/anime_character_pipeline/organized_output/anime_organized_20260523_220036/cluster_00098_unknown,/home/ssparzival/Proyectos/GitHub/Automatic-Organization-of-Anime-Character-Images/anime_character_pipeline/organized_output/anime_organized_20260523_220036/cluster_00098_unknown/_folder_manifest.csv,16
cluster_00098_unknown_review,/home/ssparzival/Proyectos/GitHub/Automatic-Organization-of-Anime-Character-Images/anime_character_pipeline/organized_output/anime_organized_20260523_220036/cluster_00098_unknown_review,/home/ssparzival/Proyectos/GitHub/Automatic-Organization-of-Anime-Character-Images/anime_character_pipeline/organized_output/anime_organized_20260523_220036/cluster_00098_unknown_review/_folder_manifest.csv,1
cluster_00099_unknown,/home/ssparzival/Proyectos/GitHub/Automatic-Organization-of-Anime-Character-Images/anime_character_pipeline/organized_output/anime_organized_20260523_220036/cluster_00099_unknown,/home/ssparzival/Proyectos/GitHub/Automatic-Organization-of-Anime-Character-Images/anime_character_pipeline/organized_output/anime_organized_20260523_220036/cluster_00099_unknown/_folder_manifest.csv,40
cluster_00099_unknown_review,/home/ssparzival/Proyectos/GitHub/Automatic-Organization-of-Anime-Character-Images/anime_character_pipeline/organized_output/anime_organized_20260523_220036/cluster_00099_unknown_review,/home/ssparzival/Proyectos/GitHub/Automatic-Organization-of-Anime-Character-Images/anime_character_pipeline/organized_output/anime_organized_20260523_220036/cluster_00099_unknown_review/_folder_manifest.csv,8
cluster_00100_unknown,/home/ssparzival/Proyectos/GitHub/Automatic-Organization-of-Anime-Character-Images/anime_character_pipeline/organized_output/anime_organized_20260523_220036/cluster_00100_unknown,/home/ssparzival/Proyectos/GitHub/Automatic-Organization-of-Anime-Character-Images/anime_character_pipeline/organized_output/anime_organized_20260523_220036/cluster_00100_unknown/_folder_manifest.csv,4
cluster_00100_unknown_review,/home/ssparzival/Proyectos/GitHub/Automatic-Organization-of-Anime-Character-Images/anime_character_pipeline/organized_output/anime_organized_20260523_220036/cluster_00100_unknown_review,/home/ssparzival/Proyectos/GitHub/Automatic-Organization-of-Anime-Character-Images/anime_character_pipeline/organized_output/anime_organized_20260523_220036/cluster_00100_unknown_review/_folder_manifest.csv,5
cluster_00101_unknown,/home/ssparzival/Proyectos/GitHub/Automatic-Organization-of-Anime-Character-Images/anime_character_pipeline/organized_output/anime_organized_20260523_220036/cluster_00101_unknown,/home/ssparzival/Proyectos/GitHub/Automatic-Organization-of-Anime-Character-Images/anime_character_pipeline/organized_output/anime_organized_20260523_220036/cluster_00101_unknown/_folder_manifest.csv,5
cluster_00101_unknown_review,/home/ssparzival/Proyectos/GitHub/Automatic-Organization-of-Anime-Character-Images/anime_character_pipeline/organized_output/anime_organized_20260523_220036/cluster_00101_unknown_review,/home/ssparzival/Proyectos/GitHub/Automatic-Organization-of-Anime-Character-Images/anime_character_pipeline/organized_output/anime_organized_20260523_220036/cluster_00101_unknown_review/_folder_manifest.csv,3
cluster_00102_unknown,/home/ssparzival/Proyectos/GitHub/Automatic-Organization-of-Anime-Character-Images/anime_character_pipeline/organized_output/anime_organized_20260523_220036/cluster_00102_unknown,/home/ssparzival/Proyectos/GitHub/Automatic-Organization-of-Anime-Character-Images/anime_character_pipeline/organized_output/anime_organized_20260523_220036/cluster_00102_unknown/_folder_manifest.csv,8
cluster_00102_unknown_review,/home/ssparzival/Proyectos/GitHub/Automatic-Organization-of-Anime-Character-Images/anime_character_pipeline/organized_output/anime_organized_20260523_220036/cluster_00102_unknown_review,/home/ssparzival/Proyectos/GitHub/Automatic-Organization-of-Anime-Character-Images/anime_character_pipeline/organized_output/anime_organized_20260523_220036/cluster_00102_unknown_review/_folder_manifest.csv,2
cluster_00103_unknown,/home/ssparzival/Proyectos/GitHub/Automatic-Organization-of-Anime-Character-Images/anime_character_pipeline/organized_output/anime_organized_20260523_220036/cluster_00103_unknown,/home/ssparzival/Proyectos/GitHub/Automatic-Organization-of-Anime-Character-Images/anime_character_pipeline/organized_output/anime_organized_20260523_220036/cluster_00103_unknown/_folder_manifest.csv,10
cluster_00103_unknown_review,/home/ssparzival/Proyectos/GitHub/Automatic-Organization-of-Anime-Character-Images/anime_character_pipeline/organized_output/anime_organized_20260523_220036/cluster_00103_unknown_review,/home/ssparzival/Proyectos/GitHub/Automatic-Organization-of-Anime-Character-Images/anime_character_pipeline/organized_output/anime_organized_20260523_220036/cluster_00103_unknown_review/_folder_manifest.csv,2
cluster_00104_unknown,/home/ssparzival/Proyectos/GitHub/Automatic-Organization-of-Anime-Character-Images/anime_character_pipeline/organized_output/anime_organized_20260523_220036/cluster_00104_unknown,/home/ssparzival/Proyectos/GitHub/Automatic-Organization-of-Anime-Character-Images/anime_character_pipeline/organized_output/anime_organized_20260523_220036/cluster_00104_unknown/_folder_manifest.csv,5
cluster_00104_unknown_review,/home/ssparzival/Proyectos/GitHub/Automatic-Organization-of-Anime-Character-Images/anime_character_pipeline/organized_output/anime_organized_20260523_220036/cluster_00104_unknown_review,/home/ssparzival/Proyectos/GitHub/Automatic-Organization-of-Anime-Character-Images/anime_character_pipeline/organized_output/anime_organized_20260523_220036/cluster_00104_unknown_review/_folder_manifest.csv,1
cluster_00105_unknown,/home/ssparzival/Proyectos/GitHub/Automatic-Organization-of-Anime-Character-Images/anime_character_pipeline/organized_output/anime_organized_20260523_220036/cluster_00105_unknown,/home/ssparzival/Proyectos/GitHub/Automatic-Organization-of-Anime-Character-Images/anime_character_pipeline/organized_output/anime_organized_20260523_220036/cluster_00105_unknown/_folder_manifest.csv,14
cluster_00105_unknown_review,/home/ssparzival/Proyectos/GitHub/Automatic-Organization-of-Anime-Character-Images/anime_character_pipeline/organized_output/anime_organized_20260523_220036/cluster_00105_unknown_review,/home/ssparzival/Proyectos/GitHub/Automatic-Organization-of-Anime-Character-Images/anime_character_pipeline/organized_output/anime_organized_20260523_220036/cluster_00105_unknown_review/_folder_manifest.csv,5
cluster_00106_unknown,/home/ssparzival/Proyectos/GitHub/Automatic-Organization-of-Anime-Character-Images/anime_character_pipeline/organized_output/anime_organized_20260523_220036/cluster_00106_unknown,/home/ssparzival/Proyectos/GitHub/Automatic-Organization-of-Anime-Character-Images/anime_character_pipeline/organized_output/anime_organized_20260523_220036/cluster_00106_unknown/_folder_manifest.csv,11
cluster_00106_unknown_review,/home/ssparzival/Proyectos/GitHub/Automatic-Organization-of-Anime-Character-Images/anime_character_pipeline/organized_output/anime_organized_20260523_220036/cluster_00106_unknown_review,/home/ssparzival/Proyectos/GitHub/Automatic-Organization-of-Anime-Character-Images/anime_character_pipeline/organized_output/anime_organized_20260523_220036/cluster_00106_unknown_review/_folder_manifest.csv,1
cluster_00107_unknown,/home/ssparzival/Proyectos/GitHub/Automatic-Organization-of-Anime-Character-Images/anime_character_pipeline/organized_output/anime_organized_20260523_220036/cluster_00107_unknown,/home/ssparzival/Proyectos/GitHub/Automatic-Organization-of-Anime-Character-Images/anime_character_pipeline/organized_output/anime_organized_20260523_220036/cluster_00107_unknown/_folder_manifest.csv,44
cluster_00107_unknown_review,/home/ssparzival/Proyectos/GitHub/Automatic-Organization-of-Anime-Character-Images/anime_character_pipeline/organized_output/anime_organized_20260523_220036/cluster_00107_unknown_review,/home/ssparzival/Proyectos/GitHub/Automatic-Organization-of-Anime-Character-Images/anime_character_pipeline/organized_output/anime_organized_20260523_220036/cluster_00107_unknown_review/_folder_manifest.csv,22
cluster_00108_unknown,/home/ssparzival/Proyectos/GitHub/Automatic-Organization-of-Anime-Character-Images/anime_character_pipeline/organized_output/anime_organized_20260523_220036/cluster_00108_unknown,/home/ssparzival/Proyectos/GitHub/Automatic-Organization-of-Anime-Character-Images/anime_character_pipeline/organized_output/anime_organized_20260523_220036/cluster_00108_unknown/_folder_manifest.csv,33
cluster_00108_unknown_review,/home/ssparzival/Proyectos/GitHub/Automatic-Organization-of-Anime-Character-Images/anime_character_pipeline/organized_output/anime_organized_20260523_220036/cluster_00108_unknown_review,/home/ssparzival/Proyectos/GitHub/Automatic-Organization-of-Anime-Character-Images/anime_character_pipeline/organized_output/anime_organized_20260523_220036/cluster_00108_unknown_review/_folder_manifest.csv,11
cluster_00109_unknown,/home/ssparzival/Proyectos/GitHub/Automatic-Organization-of-Anime-Character-Images/anime_character_pipeline/organized_output/anime_organized_20260523_220036/cluster_00109_unknown,/home/ssparzival/Proyectos/GitHub/Automatic-Organization-of-Anime-Character-Images/anime_character_pipeline/organized_output/anime_organized_20260523_220036/cluster_00109_unknown/_folder_manifest.csv,31
cluster_00109_unknown_review,/home/ssparzival/Proyectos/GitHub/Automatic-Organization-of-Anime-Character-Images/anime_character_pipeline/organized_output/anime_organized_20260523_220036/cluster_00109_unknown_review,/home/ssparzival/Proyectos/GitHub/Automatic-Organization-of-Anime-Character-Images/anime_character_pipeline/organized_output/anime_organized_20260523_220036/cluster_00109_unknown_review/_folder_manifest.csv,7
cluster_00110_unknown,/home/ssparzival/Proyectos/GitHub/Automatic-Organization-of-Anime-Character-Images/anime_character_pipeline/organized_output/anime_organized_20260523_220036/cluster_00110_unknown,/home/ssparzival/Proyectos/GitHub/Automatic-Organization-of-Anime-Character-Images/anime_character_pipeline/organized_output/anime_organized_20260523_220036/cluster_00110_unknown/_folder_manifest.csv,170
cluster_00110_unknown_review,/home/ssparzival/Proyectos/GitHub/Automatic-Organization-of-Anime-Character-Images/anime_character_pipeline/organized_output/anime_organized_20260523_220036/cluster_00110_unknown_review,/home/ssparzival/Proyectos/GitHub/Automatic-Organization-of-Anime-Character-Images/anime_character_pipeline/organized_output/anime_organized_20260523_220036/cluster_00110_unknown_review/_folder_manifest.csv,47
cluster_00111_unknown,/home/ssparzival/Proyectos/GitHub/Automatic-Organization-of-Anime-Character-Images/anime_character_pipeline/organized_output/anime_organized_20260523_220036/cluster_00111_unknown,/home/ssparzival/Proyectos/GitHub/Automatic-Organization-of-Anime-Character-Images/anime_character_pipeline/organized_output/anime_organized_20260523_220036/cluster_00111_unknown/_folder_manifest.csv,1
cluster_00111_unknown_review,/home/ssparzival/Proyectos/GitHub/Automatic-Organization-of-Anime-Character-Images/anime_character_pipeline/organized_output/anime_organized_20260523_220036/cluster_00111_unknown_review,/home/ssparzival/Proyectos/GitHub/Automatic-Organization-of-Anime-Character-Images/anime_character_pipeline/organized_output/anime_organized_20260523_220036/cluster_00111_unknown_review/_folder_manifest.csv,6
cluster_00112_unknown,/home/ssparzival/Proyectos/GitHub/Automatic-Organization-of-Anime-Character-Images/anime_character_pipeline/organized_output/anime_organized_20260523_220036/cluster_00112_unknown,/home/ssparzival/Proyectos/GitHub/Automatic-Organization-of-Anime-Character-Images/anime_character_pipeline/organized_output/anime_organized_20260523_220036/cluster_00112_unknown/_folder_manifest.csv,24
cluster_00112_unknown_review,/home/ssparzival/Proyectos/GitHub/Automatic-Organization-of-Anime-Character-Images/anime_character_pipeline/organized_output/anime_organized_20260523_220036/cluster_00112_unknown_review,/home/ssparzival/Proyectos/GitHub/Automatic-Organization-of-Anime-Character-Images/anime_character_pipeline/organized_output/anime_organized_20260523_220036/cluster_00112_unknown_review/_folder_manifest.csv,1
cluster_00113_unknown,/home/ssparzival/Proyectos/GitHub/Automatic-Organization-of-Anime-Character-Images/anime_character_pipeline/organized_output/anime_organized_20260523_220036/cluster_00113_unknown,/home/ssparzival/Proyectos/GitHub/Automatic-Organization-of-Anime-Character-Images/anime_character_pipeline/organized_output/anime_organized_20260523_220036/cluster_00113_unknown/_folder_manifest.csv,41
cluster_00113_unknown_review,/home/ssparzival/Proyectos/GitHub/Automatic-Organization-of-Anime-Character-Images/anime_character_pipeline/organized_output/anime_organized_20260523_220036/cluster_00113_unknown_review,/home/ssparzival/Proyectos/GitHub/Automatic-Organization-of-Anime-Character-Images/anime_character_pipeline/organized_output/anime_organized_20260523_220036/cluster_00113_unknown_review/_folder_manifest.csv,19
cluster_00114_unknown,/home/ssparzival/Proyectos/GitHub/Automatic-Organization-of-Anime-Character-Images/anime_character_pipeline/organized_output/anime_organized_20260523_220036/cluster_00114_unknown,/home/ssparzival/Proyectos/GitHub/Automatic-Organization-of-Anime-Character-Images/anime_character_pipeline/organized_output/anime_organized_20260523_220036/cluster_00114_unknown/_folder_manifest.csv,11
cluster_00114_unknown_review,/home/ssparzival/Proyectos/GitHub/Automatic-Organization-of-Anime-Character-Images/anime_character_pipeline/organized_output/anime_organized_20260523_220036/cluster_00114_unknown_review,/home/ssparzival/Proyectos/GitHub/Automatic-Organization-of-Anime-Character-Images/anime_character_pipeline/organized_output/anime_organized_20260523_220036/cluster_00114_unknown_review/_folder_manifest.csv,11
cluster_00115_unknown,/home/ssparzival/Proyectos/GitHub/Automatic-Organization-of-Anime-Character-Images/anime_character_pipeline/organized_output/anime_organized_20260523_220036/cluster_00115_unknown,/home/ssparzival/Proyectos/GitHub/Automatic-Organization-of-Anime-Character-Images/anime_character_pipeline/organized_output/anime_organized_20260523_220036/cluster_00115_unknown/_folder_manifest.csv,22
cluster_00115_unknown_review,/home/ssparzival/Proyectos/GitHub/Automatic-Organization-of-Anime-Character-Images/anime_character_pipeline/organized_output/anime_organized_20260523_220036/cluster_00115_unknown_review,/home/ssparzival/Proyectos/GitHub/Automatic-Organization-of-Anime-Character-Images/anime_character_pipeline/organized_output/anime_organized_20260523_220036/cluster_00115_unknown_review/_folder_manifest.csv,11
cluster_00116_unknown,/home/ssparzival/Proyectos/GitHub/Automatic-Organization-of-Anime-Character-Images/anime_character_pipeline/organized_output/anime_organized_20260523_220036/cluster_00116_unknown,/home/ssparzival/Proyectos/GitHub/Automatic-Organization-of-Anime-Character-Images/anime_character_pipeline/organized_output/anime_organized_20260523_220036/cluster_00116_unknown/_folder_manifest.csv,1
cluster_00116_unknown_review,/home/ssparzival/Proyectos/GitHub/Automatic-Organization-of-Anime-Character-Images/anime_character_pipeline/organized_output/anime_organized_20260523_220036/cluster_00116_unknown_review,/home/ssparzival/Proyectos/GitHub/Automatic-Organization-of-Anime-Character-Images/anime_character_pipeline/organized_output/anime_organized_20260523_220036/cluster_00116_unknown_review/_folder_manifest.csv,9
cluster_00117_unknown,/home/ssparzival/Proyectos/GitHub/Automatic-Organization-of-Anime-Character-Images/anime_character_pipeline/organized_output/anime_organized_20260523_220036/cluster_00117_unknown,/home/ssparzival/Proyectos/GitHub/Automatic-Organization-of-Anime-Character-Images/anime_character_pipeline/organized_output/anime_organized_20260523_220036/cluster_00117_unknown/_folder_manifest.csv,7
cluster_00117_unknown_review,/home/ssparzival/Proyectos/GitHub/Automatic-Organization-of-Anime-Character-Images/anime_character_pipeline/organized_output/anime_organized_20260523_220036/cluster_00117_unknown_review,/home/ssparzival/Proyectos/GitHub/Automatic-Organization-of-Anime-Character-Images/anime_character_pipeline/organized_output/anime_organized_20260523_220036/cluster_00117_unknown_review/_folder_manifest.csv,2
cluster_00118_unknown,/home/ssparzival/Proyectos/GitHub/Automatic-Organization-of-Anime-Character-Images/anime_character_pipeline/organized_output/anime_organized_20260523_220036/cluster_00118_unknown,/home/ssparzival/Proyectos/GitHub/Automatic-Organization-of-Anime-Character-Images/anime_character_pipeline/organized_output/anime_organized_20260523_220036/cluster_00118_unknown/_folder_manifest.csv,78
cluster_00118_unknown_review,/home/ssparzival/Proyectos/GitHub/Automatic-Organization-of-Anime-Character-Images/anime_character_pipeline/organized_output/anime_organized_20260523_220036/cluster_00118_unknown_review,/home/ssparzival/Proyectos/GitHub/Automatic-Organization-of-Anime-Character-Images/anime_character_pipeline/organized_output/anime_organized_20260523_220036/cluster_00118_unknown_review/_folder_manifest.csv,25
cluster_00119_unknown,/home/ssparzival/Proyectos/GitHub/Automatic-Organization-of-Anime-Character-Images/anime_character_pipeline/organized_output/anime_organized_20260523_220036/cluster_00119_unknown,/home/ssparzival/Proyectos/GitHub/Automatic-Organization-of-Anime-Character-Images/anime_character_pipeline/organized_output/anime_organized_20260523_220036/cluster_00119_unknown/_folder_manifest.csv,25
cluster_00119_unknown_review,/home/ssparzival/Proyectos/GitHub/Automatic-Organization-of-Anime-Character-Images/anime_character_pipeline/organized_output/anime_organized_20260523_220036/cluster_00119_unknown_review,/home/ssparzival/Proyectos/GitHub/Automatic-Organization-of-Anime-Character-Images/anime_character_pipeline/organized_output/anime_organized_20260523_220036/cluster_00119_unknown_review/_folder_manifest.csv,5
cluster_00120_unknown,/home/ssparzival/Proyectos/GitHub/Automatic-Organization-of-Anime-Character-Images/anime_character_pipeline/organized_output/anime_organized_20260523_220036/cluster_00120_unknown,/home/ssparzival/Proyectos/GitHub/Automatic-Organization-of-Anime-Character-Images/anime_character_pipeline/organized_output/anime_organized_20260523_220036/cluster_00120_unknown/_folder_manifest.csv,36
cluster_00120_unknown_review,/home/ssparzival/Proyectos/GitHub/Automatic-Organization-of-Anime-Character-Images/anime_character_pipeline/organized_output/anime_organized_20260523_220036/cluster_00120_unknown_review,/home/ssparzival/Proyectos/GitHub/Automatic-Organization-of-Anime-Character-Images/anime_character_pipeline/organized_output/anime_organized_20260523_220036/cluster_00120_unknown_review/_folder_manifest.csv,6
cluster_00121_unknown,/home/ssparzival/Proyectos/GitHub/Automatic-Organization-of-Anime-Character-Images/anime_character_pipeline/organized_output/anime_organized_20260523_220036/cluster_00121_unknown,/home/ssparzival/Proyectos/GitHub/Automatic-Organization-of-Anime-Character-Images/anime_character_pipeline/organized_output/anime_organized_20260523_220036/cluster_00121_unknown/_folder_manifest.csv,10
cluster_00121_unknown_review,/home/ssparzival/Proyectos/GitHub/Automatic-Organization-of-Anime-Character-Images/anime_character_pipeline/organized_output/anime_organized_20260523_220036/cluster_00121_unknown_review,/home/ssparzival/Proyectos/GitHub/Automatic-Organization-of-Anime-Character-Images/anime_character_pipeline/organized_output/anime_organized_20260523_220036/cluster_00121_unknown_review/_folder_manifest.csv,1
cluster_00122_unknown,/home/ssparzival/Proyectos/GitHub/Automatic-Organization-of-Anime-Character-Images/anime_character_pipeline/organized_output/anime_organized_20260523_220036/cluster_00122_unknown,/home/ssparzival/Proyectos/GitHub/Automatic-Organization-of-Anime-Character-Images/anime_character_pipeline/organized_output/anime_organized_20260523_220036/cluster_00122_unknown/_folder_manifest.csv,14
cluster_00122_unknown_review,/home/ssparzival/Proyectos/GitHub/Automatic-Organization-of-Anime-Character-Images/anime_character_pipeline/organized_output/anime_organized_20260523_220036/cluster_00122_unknown_review,/home/ssparzival/Proyectos/GitHub/Automatic-Organization-of-Anime-Character-Images/anime_character_pipeline/organized_output/anime_organized_20260523_220036/cluster_00122_unknown_review/_folder_manifest.csv,50
cluster_00123_unknown,/home/ssparzival/Proyectos/GitHub/Automatic-Organization-of-Anime-Character-Images/anime_character_pipeline/organized_output/anime_organized_20260523_220036/cluster_00123_unknown,/home/ssparzival/Proyectos/GitHub/Automatic-Organization-of-Anime-Character-Images/anime_character_pipeline/organized_output/anime_organized_20260523_220036/cluster_00123_unknown/_folder_manifest.csv,5
cluster_00124_unknown,/home/ssparzival/Proyectos/GitHub/Automatic-Organization-of-Anime-Character-Images/anime_character_pipeline/organized_output/anime_organized_20260523_220036/cluster_00124_unknown,/home/ssparzival/Proyectos/GitHub/Automatic-Organization-of-Anime-Character-Images/anime_character_pipeline/organized_output/anime_organized_20260523_220036/cluster_00124_unknown/_folder_manifest.csv,12
cluster_00125_unknown,/home/ssparzival/Proyectos/GitHub/Automatic-Organization-of-Anime-Character-Images/anime_character_pipeline/organized_output/anime_organized_20260523_220036/cluster_00125_unknown,/home/ssparzival/Proyectos/GitHub/Automatic-Organization-of-Anime-Character-Images/anime_character_pipeline/organized_output/anime_organized_20260523_220036/cluster_00125_unknown/_folder_manifest.csv,4
cluster_00125_unknown_review,/home/ssparzival/Proyectos/GitHub/Automatic-Organization-of-Anime-Character-Images/anime_character_pipeline/organized_output/anime_organized_20260523_220036/cluster_00125_unknown_review,/home/ssparzival/Proyectos/GitHub/Automatic-Organization-of-Anime-Character-Images/anime_character_pipeline/organized_output/anime_organized_20260523_220036/cluster_00125_unknown_review/_folder_manifest.csv,1
cluster_00126_unknown,/home/ssparzival/Proyectos/GitHub/Automatic-Organization-of-Anime-Character-Images/anime_character_pipeline/organized_output/anime_organized_20260523_220036/cluster_00126_unknown,/home/ssparzival/Proyectos/GitHub/Automatic-Organization-of-Anime-Character-Images/anime_character_pipeline/organized_output/anime_organized_20260523_220036/cluster_00126_unknown/_folder_manifest.csv,6
cluster_00127_unknown,/home/ssparzival/Proyectos/GitHub/Automatic-Organization-of-Anime-Character-Images/anime_character_pipeline/organized_output/anime_organized_20260523_220036/cluster_00127_unknown,/home/ssparzival/Proyectos/GitHub/Automatic-Organization-of-Anime-Character-Images/anime_character_pipeline/organized_output/anime_organized_20260523_220036/cluster_00127_unknown/_folder_manifest.csv,3
cluster_00127_unknown_review,/home/ssparzival/Proyectos/GitHub/Automatic-Organization-of-Anime-Character-Images/anime_character_pipeline/organized_output/anime_organized_20260523_220036/cluster_00127_unknown_review,/home/ssparzival/Proyectos/GitHub/Automatic-Organization-of-Anime-Character-Images/anime_character_pipeline/organized_output/anime_organized_20260523_220036/cluster_00127_unknown_review/_folder_manifest.csv,8
cluster_00128_unknown,/home/ssparzival/Proyectos/GitHub/Automatic-Organization-of-Anime-Character-Images/anime_character_pipeline/organized_output/anime_organized_20260523_220036/cluster_00128_unknown,/home/ssparzival/Proyectos/GitHub/Automatic-Organization-of-Anime-Character-Images/anime_character_pipeline/organized_output/anime_organized_20260523_220036/cluster_00128_unknown/_folder_manifest.csv,9
cluster_00128_unknown_review,/home/ssparzival/Proyectos/GitHub/Automatic-Organization-of-Anime-Character-Images/anime_character_pipeline/organized_output/anime_organized_20260523_220036/cluster_00128_unknown_review,/home/ssparzival/Proyectos/GitHub/Automatic-Organization-of-Anime-Character-Images/anime_character_pipeline/organized_output/anime_organized_20260523_220036/cluster_00128_unknown_review/_folder_manifest.csv,2
cluster_00129_unknown,/home/ssparzival/Proyectos/GitHub/Automatic-Organization-of-Anime-Character-Images/anime_character_pipeline/organized_output/anime_organized_20260523_220036/cluster_00129_unknown,/home/ssparzival/Proyectos/GitHub/Automatic-Organization-of-Anime-Character-Images/anime_character_pipeline/organized_output/anime_organized_20260523_220036/cluster_00129_unknown/_folder_manifest.csv,8
cluster_00129_unknown_review,/home/ssparzival/Proyectos/GitHub/Automatic-Organization-of-Anime-Character-Images/anime_character_pipeline/organized_output/anime_organized_20260523_220036/cluster_00129_unknown_review,/home/ssparzival/Proyectos/GitHub/Automatic-Organization-of-Anime-Character-Images/anime_character_pipeline/organized_output/anime_organized_20260523_220036/cluster_00129_unknown_review/_folder_manifest.csv,4
cluster_00130_unknown,/home/ssparzival/Proyectos/GitHub/Automatic-Organization-of-Anime-Character-Images/anime_character_pipeline/organized_output/anime_organized_20260523_220036/cluster_00130_unknown,/home/ssparzival/Proyectos/GitHub/Automatic-Organization-of-Anime-Character-Images/anime_character_pipeline/organized_output/anime_organized_20260523_220036/cluster_00130_unknown/_folder_manifest.csv,9
cluster_00130_unknown_review,/home/ssparzival/Proyectos/GitHub/Automatic-Organization-of-Anime-Character-Images/anime_character_pipeline/organized_output/anime_organized_20260523_220036/cluster_00130_unknown_review,/home/ssparzival/Proyectos/GitHub/Automatic-Organization-of-Anime-Character-Images/anime_character_pipeline/organized_output/anime_organized_20260523_220036/cluster_00130_unknown_review/_folder_manifest.csv,1
cluster_00131_unknown,/home/ssparzival/Proyectos/GitHub/Automatic-Organization-of-Anime-Character-Images/anime_character_pipeline/organized_output/anime_organized_20260523_220036/cluster_00131_unknown,/home/ssparzival/Proyectos/GitHub/Automatic-Organization-of-Anime-Character-Images/anime_character_pipeline/organized_output/anime_organized_20260523_220036/cluster_00131_unknown/_folder_manifest.csv,21
cluster_00131_unknown_review,/home/ssparzival/Proyectos/GitHub/Automatic-Organization-of-Anime-Character-Images/anime_character_pipeline/organized_output/anime_organized_20260523_220036/cluster_00131_unknown_review,/home/ssparzival/Proyectos/GitHub/Automatic-Organization-of-Anime-Character-Images/anime_character_pipeline/organized_output/anime_organized_20260523_220036/cluster_00131_unknown_review/_folder_manifest.csv,5
cluster_00132_unknown,/home/ssparzival/Proyectos/GitHub/Automatic-Organization-of-Anime-Character-Images/anime_character_pipeline/organized_output/anime_organized_20260523_220036/cluster_00132_unknown,/home/ssparzival/Proyectos/GitHub/Automatic-Organization-of-Anime-Character-Images/anime_character_pipeline/organized_output/anime_organized_20260523_220036/cluster_00132_unknown/_folder_manifest.csv,13
cluster_00132_unknown_review,/home/ssparzival/Proyectos/GitHub/Automatic-Organization-of-Anime-Character-Images/anime_character_pipeline/organized_output/anime_organized_20260523_220036/cluster_00132_unknown_review,/home/ssparzival/Proyectos/GitHub/Automatic-Organization-of-Anime-Character-Images/anime_character_pipeline/organized_output/anime_organized_20260523_220036/cluster_00132_unknown_review/_folder_manifest.csv,2
cluster_00133_unknown,/home/ssparzival/Proyectos/GitHub/Automatic-Organization-of-Anime-Character-Images/anime_character_pipeline/organized_output/anime_organized_20260523_220036/cluster_00133_unknown,/home/ssparzival/Proyectos/GitHub/Automatic-Organization-of-Anime-Character-Images/anime_character_pipeline/organized_output/anime_organized_20260523_220036/cluster_00133_unknown/_folder_manifest.csv,3
cluster_00133_unknown_review,/home/ssparzival/Proyectos/GitHub/Automatic-Organization-of-Anime-Character-Images/anime_character_pipeline/organized_output/anime_organized_20260523_220036/cluster_00133_unknown_review,/home/ssparzival/Proyectos/GitHub/Automatic-Organization-of-Anime-Character-Images/anime_character_pipeline/organized_output/anime_organized_20260523_220036/cluster_00133_unknown_review/_folder_manifest.csv,2
cluster_00134_unknown,/home/ssparzival/Proyectos/GitHub/Automatic-Organization-of-Anime-Character-Images/anime_character_pipeline/organized_output/anime_organized_20260523_220036/cluster_00134_unknown,/home/ssparzival/Proyectos/GitHub/Automatic-Organization-of-Anime-Character-Images/anime_character_pipeline/organized_output/anime_organized_20260523_220036/cluster_00134_unknown/_folder_manifest.csv,43
cluster_00134_unknown_review,/home/ssparzival/Proyectos/GitHub/Automatic-Organization-of-Anime-Character-Images/anime_character_pipeline/organized_output/anime_organized_20260523_220036/cluster_00134_unknown_review,/home/ssparzival/Proyectos/GitHub/Automatic-Organization-of-Anime-Character-Images/anime_character_pipeline/organized_output/anime_organized_20260523_220036/cluster_00134_unknown_review/_folder_manifest.csv,9
cluster_00135_unknown,/home/ssparzival/Proyectos/GitHub/Automatic-Organization-of-Anime-Character-Images/anime_character_pipeline/organized_output/anime_organized_20260523_220036/cluster_00135_unknown,/home/ssparzival/Proyectos/GitHub/Automatic-Organization-of-Anime-Character-Images/anime_character_pipeline/organized_output/anime_organized_20260523_220036/cluster_00135_unknown/_folder_manifest.csv,4
cluster_00135_unknown_review,/home/ssparzival/Proyectos/GitHub/Automatic-Organization-of-Anime-Character-Images/anime_character_pipeline/organized_output/anime_organized_20260523_220036/cluster_00135_unknown_review,/home/ssparzival/Proyectos/GitHub/Automatic-Organization-of-Anime-Character-Images/anime_character_pipeline/organized_output/anime_organized_20260523_220036/cluster_00135_unknown_review/_folder_manifest.csv,3
cluster_00136_unknown,/home/ssparzival/Proyectos/GitHub/Automatic-Organization-of-Anime-Character-Images/anime_character_pipeline/organized_output/anime_organized_20260523_220036/cluster_00136_unknown,/home/ssparzival/Proyectos/GitHub/Automatic-Organization-of-Anime-Character-Images/anime_character_pipeline/organized_output/anime_organized_20260523_220036/cluster_00136_unknown/_folder_manifest.csv,33
cluster_00136_unknown_review,/home/ssparzival/Proyectos/GitHub/Automatic-Organization-of-Anime-Character-Images/anime_character_pipeline/organized_output/anime_organized_20260523_220036/cluster_00136_unknown_review,/home/ssparzival/Proyectos/GitHub/Automatic-Organization-of-Anime-Character-Images/anime_character_pipeline/organized_output/anime_organized_20260523_220036/cluster_00136_unknown_review/_folder_manifest.csv,6
cluster_00137_unknown,/home/ssparzival/Proyectos/GitHub/Automatic-Organization-of-Anime-Character-Images/anime_character_pipeline/organized_output/anime_organized_20260523_220036/cluster_00137_unknown,/home/ssparzival/Proyectos/GitHub/Automatic-Organization-of-Anime-Character-Images/anime_character_pipeline/organized_output/anime_organized_20260523_220036/cluster_00137_unknown/_folder_manifest.csv,39
cluster_00137_unknown_review,/home/ssparzival/Proyectos/GitHub/Automatic-Organization-of-Anime-Character-Images/anime_character_pipeline/organized_output/anime_organized_20260523_220036/cluster_00137_unknown_review,/home/ssparzival/Proyectos/GitHub/Automatic-Organization-of-Anime-Character-Images/anime_character_pipeline/organized_output/anime_organized_20260523_220036/cluster_00137_unknown_review/_folder_manifest.csv,11
cluster_00138_unknown,/home/ssparzival/Proyectos/GitHub/Automatic-Organization-of-Anime-Character-Images/anime_character_pipeline/organized_output/anime_organized_20260523_220036/cluster_00138_unknown,/home/ssparzival/Proyectos/GitHub/Automatic-Organization-of-Anime-Character-Images/anime_character_pipeline/organized_output/anime_organized_20260523_220036/cluster_00138_unknown/_folder_manifest.csv,10
cluster_00139_unknown,/home/ssparzival/Proyectos/GitHub/Automatic-Organization-of-Anime-Character-Images/anime_character_pipeline/organized_output/anime_organized_20260523_220036/cluster_00139_unknown,/home/ssparzival/Proyectos/GitHub/Automatic-Organization-of-Anime-Character-Images/anime_character_pipeline/organized_output/anime_organized_20260523_220036/cluster_00139_unknown/_folder_manifest.csv,97
cluster_00139_unknown_review,/home/ssparzival/Proyectos/GitHub/Automatic-Organization-of-Anime-Character-Images/anime_character_pipeline/organized_output/anime_organized_20260523_220036/cluster_00139_unknown_review,/home/ssparzival/Proyectos/GitHub/Automatic-Organization-of-Anime-Character-Images/anime_character_pipeline/organized_output/anime_organized_20260523_220036/cluster_00139_unknown_review/_folder_manifest.csv,44
cluster_00140_unknown,/home/ssparzival/Proyectos/GitHub/Automatic-Organization-of-Anime-Character-Images/anime_character_pipeline/organized_output/anime_organized_20260523_220036/cluster_00140_unknown,/home/ssparzival/Proyectos/GitHub/Automatic-Organization-of-Anime-Character-Images/anime_character_pipeline/organized_output/anime_organized_20260523_220036/cluster_00140_unknown/_folder_manifest.csv,20
cluster_00140_unknown_review,/home/ssparzival/Proyectos/GitHub/Automatic-Organization-of-Anime-Character-Images/anime_character_pipeline/organized_output/anime_organized_20260523_220036/cluster_00140_unknown_review,/home/ssparzival/Proyectos/GitHub/Automatic-Organization-of-Anime-Character-Images/anime_character_pipeline/organized_output/anime_organized_20260523_220036/cluster_00140_unknown_review/_folder_manifest.csv,8
cluster_00141_unknown,/home/ssparzival/Proyectos/GitHub/Automatic-Organization-of-Anime-Character-Images/anime_character_pipeline/organized_output/anime_organized_20260523_220036/cluster_00141_unknown,/home/ssparzival/Proyectos/GitHub/Automatic-Organization-of-Anime-Character-Images/anime_character_pipeline/organized_output/anime_organized_20260523_220036/cluster_00141_unknown/_folder_manifest.csv,21
cluster_00141_unknown_review,/home/ssparzival/Proyectos/GitHub/Automatic-Organization-of-Anime-Character-Images/anime_character_pipeline/organized_output/anime_organized_20260523_220036/cluster_00141_unknown_review,/home/ssparzival/Proyectos/GitHub/Automatic-Organization-of-Anime-Character-Images/anime_character_pipeline/organized_output/anime_organized_20260523_220036/cluster_00141_unknown_review/_folder_manifest.csv,13
cluster_00142_unknown,/home/ssparzival/Proyectos/GitHub/Automatic-Organization-of-Anime-Character-Images/anime_character_pipeline/organized_output/anime_organized_20260523_220036/cluster_00142_unknown,/home/ssparzival/Proyectos/GitHub/Automatic-Organization-of-Anime-Character-Images/anime_character_pipeline/organized_output/anime_organized_20260523_220036/cluster_00142_unknown/_folder_manifest.csv,77
cluster_00142_unknown_review,/home/ssparzival/Proyectos/GitHub/Automatic-Organization-of-Anime-Character-Images/anime_character_pipeline/organized_output/anime_organized_20260523_220036/cluster_00142_unknown_review,/home/ssparzival/Proyectos/GitHub/Automatic-Organization-of-Anime-Character-Images/anime_character_pipeline/organized_output/anime_organized_20260523_220036/cluster_00142_unknown_review/_folder_manifest.csv,49
cluster_00143_unknown,/home/ssparzival/Proyectos/GitHub/Automatic-Organization-of-Anime-Character-Images/anime_character_pipeline/organized_output/anime_organized_20260523_220036/cluster_00143_unknown,/home/ssparzival/Proyectos/GitHub/Automatic-Organization-of-Anime-Character-Images/anime_character_pipeline/organized_output/anime_organized_20260523_220036/cluster_00143_unknown/_folder_manifest.csv,15
cluster_00143_unknown_review,/home/ssparzival/Proyectos/GitHub/Automatic-Organization-of-Anime-Character-Images/anime_character_pipeline/organized_output/anime_organized_20260523_220036/cluster_00143_unknown_review,/home/ssparzival/Proyectos/GitHub/Automatic-Organization-of-Anime-Character-Images/anime_character_pipeline/organized_output/anime_organized_20260523_220036/cluster_00143_unknown_review/_folder_manifest.csv,1
cluster_00144_unknown,/home/ssparzival/Proyectos/GitHub/Automatic-Organization-of-Anime-Character-Images/anime_character_pipeline/organized_output/anime_organized_20260523_220036/cluster_00144_unknown,/home/ssparzival/Proyectos/GitHub/Automatic-Organization-of-Anime-Character-Images/anime_character_pipeline/organized_output/anime_organized_20260523_220036/cluster_00144_unknown/_folder_manifest.csv,39
cluster_00144_unknown_review,/home/ssparzival/Proyectos/GitHub/Automatic-Organization-of-Anime-Character-Images/anime_character_pipeline/organized_output/anime_organized_20260523_220036/cluster_00144_unknown_review,/home/ssparzival/Proyectos/GitHub/Automatic-Organization-of-Anime-Character-Images/anime_character_pipeline/organized_output/anime_organized_20260523_220036/cluster_00144_unknown_review/_folder_manifest.csv,6
cluster_00145_unknown,/home/ssparzival/Proyectos/GitHub/Automatic-Organization-of-Anime-Character-Images/anime_character_pipeline/organized_output/anime_organized_20260523_220036/cluster_00145_unknown,/home/ssparzival/Proyectos/GitHub/Automatic-Organization-of-Anime-Character-Images/anime_character_pipeline/organized_output/anime_organized_20260523_220036/cluster_00145_unknown/_folder_manifest.csv,35
cluster_00145_unknown_review,/home/ssparzival/Proyectos/GitHub/Automatic-Organization-of-Anime-Character-Images/anime_character_pipeline/organized_output/anime_organized_20260523_220036/cluster_00145_unknown_review,/home/ssparzival/Proyectos/GitHub/Automatic-Organization-of-Anime-Character-Images/anime_character_pipeline/organized_output/anime_organized_20260523_220036/cluster_00145_unknown_review/_folder_manifest.csv,6
cluster_00146_unknown,/home/ssparzival/Proyectos/GitHub/Automatic-Organization-of-Anime-Character-Images/anime_character_pipeline/organized_output/anime_organized_20260523_220036/cluster_00146_unknown,/home/ssparzival/Proyectos/GitHub/Automatic-Organization-of-Anime-Character-Images/anime_character_pipeline/organized_output/anime_organized_20260523_220036/cluster_00146_unknown/_folder_manifest.csv,4
cluster_00146_unknown_review,/home/ssparzival/Proyectos/GitHub/Automatic-Organization-of-Anime-Character-Images/anime_character_pipeline/organized_output/anime_organized_20260523_220036/cluster_00146_unknown_review,/home/ssparzival/Proyectos/GitHub/Automatic-Organization-of-Anime-Character-Images/anime_character_pipeline/organized_output/anime_organized_20260523_220036/cluster_00146_unknown_review/_folder_manifest.csv,1
cluster_00147_unknown,/home/ssparzival/Proyectos/GitHub/Automatic-Organization-of-Anime-Character-Images/anime_character_pipeline/organized_output/anime_organized_20260523_220036/cluster_00147_unknown,/home/ssparzival/Proyectos/GitHub/Automatic-Organization-of-Anime-Character-Images/anime_character_pipeline/organized_output/anime_organized_20260523_220036/cluster_00147_unknown/_folder_manifest.csv,78
cluster_00147_unknown_review,/home/ssparzival/Proyectos/GitHub/Automatic-Organization-of-Anime-Character-Images/anime_character_pipeline/organized_output/anime_organized_20260523_220036/cluster_00147_unknown_review,/home/ssparzival/Proyectos/GitHub/Automatic-Organization-of-Anime-Character-Images/anime_character_pipeline/organized_output/anime_organized_20260523_220036/cluster_00147_unknown_review/_folder_manifest.csv,50
cluster_00148_unknown,/home/ssparzival/Proyectos/GitHub/Automatic-Organization-of-Anime-Character-Images/anime_character_pipeline/organized_output/anime_organized_20260523_220036/cluster_00148_unknown,/home/ssparzival/Proyectos/GitHub/Automatic-Organization-of-Anime-Character-Images/anime_character_pipeline/organized_output/anime_organized_20260523_220036/cluster_00148_unknown/_folder_manifest.csv,84
cluster_00148_unknown_review,/home/ssparzival/Proyectos/GitHub/Automatic-Organization-of-Anime-Character-Images/anime_character_pipeline/organized_output/anime_organized_20260523_220036/cluster_00148_unknown_review,/home/ssparzival/Proyectos/GitHub/Automatic-Organization-of-Anime-Character-Images/anime_character_pipeline/organized_output/anime_organized_20260523_220036/cluster_00148_unknown_review/_folder_manifest.csv,45
cluster_00149_unknown,/home/ssparzival/Proyectos/GitHub/Automatic-Organization-of-Anime-Character-Images/anime_character_pipeline/organized_output/anime_organized_20260523_220036/cluster_00149_unknown,/home/ssparzival/Proyectos/GitHub/Automatic-Organization-of-Anime-Character-Images/anime_character_pipeline/organized_output/anime_organized_20260523_220036/cluster_00149_unknown/_folder_manifest.csv,3
cluster_00149_unknown_review,/home/ssparzival/Proyectos/GitHub/Automatic-Organization-of-Anime-Character-Images/anime_character_pipeline/organized_output/anime_organized_20260523_220036/cluster_00149_unknown_review,/home/ssparzival/Proyectos/GitHub/Automatic-Organization-of-Anime-Character-Images/anime_character_pipeline/organized_output/anime_organized_20260523_220036/cluster_00149_unknown_review/_folder_manifest.csv,11
cluster_00150_unknown,/home/ssparzival/Proyectos/GitHub/Automatic-Organization-of-Anime-Character-Images/anime_character_pipeline/organized_output/anime_organized_20260523_220036/cluster_00150_unknown,/home/ssparzival/Proyectos/GitHub/Automatic-Organization-of-Anime-Character-Images/anime_character_pipeline/organized_output/anime_organized_20260523_220036/cluster_00150_unknown/_folder_manifest.csv,9
cluster_00150_unknown_review,/home/ssparzival/Proyectos/GitHub/Automatic-Organization-of-Anime-Character-Images/anime_character_pipeline/organized_output/anime_organized_20260523_220036/cluster_00150_unknown_review,/home/ssparzival/Proyectos/GitHub/Automatic-Organization-of-Anime-Character-Images/anime_character_pipeline/organized_output/anime_organized_20260523_220036/cluster_00150_unknown_review/_folder_manifest.csv,3
cluster_00151_unknown,/home/ssparzival/Proyectos/GitHub/Automatic-Organization-of-Anime-Character-Images/anime_character_pipeline/organized_output/anime_organized_20260523_220036/cluster_00151_unknown,/home/ssparzival/Proyectos/GitHub/Automatic-Organization-of-Anime-Character-Images/anime_character_pipeline/organized_output/anime_organized_20260523_220036/cluster_00151_unknown/_folder_manifest.csv,20
cluster_00151_unknown_review,/home/ssparzival/Proyectos/GitHub/Automatic-Organization-of-Anime-Character-Images/anime_character_pipeline/organized_output/anime_organized_20260523_220036/cluster_00151_unknown_review,/home/ssparzival/Proyectos/GitHub/Automatic-Organization-of-Anime-Character-Images/anime_character_pipeline/organized_output/anime_organized_20260523_220036/cluster_00151_unknown_review/_folder_manifest.csv,3
cluster_00152_unknown,/home/ssparzival/Proyectos/GitHub/Automatic-Organization-of-Anime-Character-Images/anime_character_pipeline/organized_output/anime_organized_20260523_220036/cluster_00152_unknown,/home/ssparzival/Proyectos/GitHub/Automatic-Organization-of-Anime-Character-Images/anime_character_pipeline/organized_output/anime_organized_20260523_220036/cluster_00152_unknown/_folder_manifest.csv,3
cluster_00152_unknown_review,/home/ssparzival/Proyectos/GitHub/Automatic-Organization-of-Anime-Character-Images/anime_character_pipeline/organized_output/anime_organized_20260523_220036/cluster_00152_unknown_review,/home/ssparzival/Proyectos/GitHub/Automatic-Organization-of-Anime-Character-Images/anime_character_pipeline/organized_output/anime_organized_20260523_220036/cluster_00152_unknown_review/_folder_manifest.csv,2
cluster_00153_unknown,/home/ssparzival/Proyectos/GitHub/Automatic-Organization-of-Anime-Character-Images/anime_character_pipeline/organized_output/anime_organized_20260523_220036/cluster_00153_unknown,/home/ssparzival/Proyectos/GitHub/Automatic-Organization-of-Anime-Character-Images/anime_character_pipeline/organized_output/anime_organized_20260523_220036/cluster_00153_unknown/_folder_manifest.csv,68
cluster_00153_unknown_review,/home/ssparzival/Proyectos/GitHub/Automatic-Organization-of-Anime-Character-Images/anime_character_pipeline/organized_output/anime_organized_20260523_220036/cluster_00153_unknown_review,/home/ssparzival/Proyectos/GitHub/Automatic-Organization-of-Anime-Character-Images/anime_character_pipeline/organized_output/anime_organized_20260523_220036/cluster_00153_unknown_review/_folder_manifest.csv,11
cluster_00154_unknown,/home/ssparzival/Proyectos/GitHub/Automatic-Organization-of-Anime-Character-Images/anime_character_pipeline/organized_output/anime_organized_20260523_220036/cluster_00154_unknown,/home/ssparzival/Proyectos/GitHub/Automatic-Organization-of-Anime-Character-Images/anime_character_pipeline/organized_output/anime_organized_20260523_220036/cluster_00154_unknown/_folder_manifest.csv,43
cluster_00154_unknown_review,/home/ssparzival/Proyectos/GitHub/Automatic-Organization-of-Anime-Character-Images/anime_character_pipeline/organized_output/anime_organized_20260523_220036/cluster_00154_unknown_review,/home/ssparzival/Proyectos/GitHub/Automatic-Organization-of-Anime-Character-Images/anime_character_pipeline/organized_output/anime_organized_20260523_220036/cluster_00154_unknown_review/_folder_manifest.csv,7
cluster_00155_unknown,/home/ssparzival/Proyectos/GitHub/Automatic-Organization-of-Anime-Character-Images/anime_character_pipeline/organized_output/anime_organized_20260523_220036/cluster_00155_unknown,/home/ssparzival/Proyectos/GitHub/Automatic-Organization-of-Anime-Character-Images/anime_character_pipeline/organized_output/anime_organized_20260523_220036/cluster_00155_unknown/_folder_manifest.csv,42
cluster_00155_unknown_review,/home/ssparzival/Proyectos/GitHub/Automatic-Organization-of-Anime-Character-Images/anime_character_pipeline/organized_output/anime_organized_20260523_220036/cluster_00155_unknown_review,/home/ssparzival/Proyectos/GitHub/Automatic-Organization-of-Anime-Character-Images/anime_character_pipeline/organized_output/anime_organized_20260523_220036/cluster_00155_unknown_review/_folder_manifest.csv,8
cluster_00156_unknown,/home/ssparzival/Proyectos/GitHub/Automatic-Organization-of-Anime-Character-Images/anime_character_pipeline/organized_output/anime_organized_20260523_220036/cluster_00156_unknown,/home/ssparzival/Proyectos/GitHub/Automatic-Organization-of-Anime-Character-Images/anime_character_pipeline/organized_output/anime_organized_20260523_220036/cluster_00156_unknown/_folder_manifest.csv,12
cluster_00156_unknown_review,/home/ssparzival/Proyectos/GitHub/Automatic-Organization-of-Anime-Character-Images/anime_character_pipeline/organized_output/anime_organized_20260523_220036/cluster_00156_unknown_review,/home/ssparzival/Proyectos/GitHub/Automatic-Organization-of-Anime-Character-Images/anime_character_pipeline/organized_output/anime_organized_20260523_220036/cluster_00156_unknown_review/_folder_manifest.csv,6
cluster_00157_unknown,/home/ssparzival/Proyectos/GitHub/Automatic-Organization-of-Anime-Character-Images/anime_character_pipeline/organized_output/anime_organized_20260523_220036/cluster_00157_unknown,/home/ssparzival/Proyectos/GitHub/Automatic-Organization-of-Anime-Character-Images/anime_character_pipeline/organized_output/anime_organized_20260523_220036/cluster_00157_unknown/_folder_manifest.csv,7
cluster_00157_unknown_review,/home/ssparzival/Proyectos/GitHub/Automatic-Organization-of-Anime-Character-Images/anime_character_pipeline/organized_output/anime_organized_20260523_220036/cluster_00157_unknown_review,/home/ssparzival/Proyectos/GitHub/Automatic-Organization-of-Anime-Character-Images/anime_character_pipeline/organized_output/anime_organized_20260523_220036/cluster_00157_unknown_review/_folder_manifest.csv,35
cluster_00158_unknown,/home/ssparzival/Proyectos/GitHub/Automatic-Organization-of-Anime-Character-Images/anime_character_pipeline/organized_output/anime_organized_20260523_220036/cluster_00158_unknown,/home/ssparzival/Proyectos/GitHub/Automatic-Organization-of-Anime-Character-Images/anime_character_pipeline/organized_output/anime_organized_20260523_220036/cluster_00158_unknown/_folder_manifest.csv,6
cluster_00158_unknown_review,/home/ssparzival/Proyectos/GitHub/Automatic-Organization-of-Anime-Character-Images/anime_character_pipeline/organized_output/anime_organized_20260523_220036/cluster_00158_unknown_review,/home/ssparzival/Proyectos/GitHub/Automatic-Organization-of-Anime-Character-Images/anime_character_pipeline/organized_output/anime_organized_20260523_220036/cluster_00158_unknown_review/_folder_manifest.csv,1
cluster_00159_unknown,/home/ssparzival/Proyectos/GitHub/Automatic-Organization-of-Anime-Character-Images/anime_character_pipeline/organized_output/anime_organized_20260523_220036/cluster_00159_unknown,/home/ssparzival/Proyectos/GitHub/Automatic-Organization-of-Anime-Character-Images/anime_character_pipeline/organized_output/anime_organized_20260523_220036/cluster_00159_unknown/_folder_manifest.csv,12
cluster_00159_unknown_review,/home/ssparzival/Proyectos/GitHub/Automatic-Organization-of-Anime-Character-Images/anime_character_pipeline/organized_output/anime_organized_20260523_220036/cluster_00159_unknown_review,/home/ssparzival/Proyectos/GitHub/Automatic-Organization-of-Anime-Character-Images/anime_character_pipeline/organized_output/anime_organized_20260523_220036/cluster_00159_unknown_review/_folder_manifest.csv,8
cluster_00160_unknown,/home/ssparzival/Proyectos/GitHub/Automatic-Organization-of-Anime-Character-Images/anime_character_pipeline/organized_output/anime_organized_20260523_220036/cluster_00160_unknown,/home/ssparzival/Proyectos/GitHub/Automatic-Organization-of-Anime-Character-Images/anime_character_pipeline/organized_output/anime_organized_20260523_220036/cluster_00160_unknown/_folder_manifest.csv,62
cluster_00160_unknown_review,/home/ssparzival/Proyectos/GitHub/Automatic-Organization-of-Anime-Character-Images/anime_character_pipeline/organized_output/anime_organized_20260523_220036/cluster_00160_unknown_review,/home/ssparzival/Proyectos/GitHub/Automatic-Organization-of-Anime-Character-Images/anime_character_pipeline/organized_output/anime_organized_20260523_220036/cluster_00160_unknown_review/_folder_manifest.csv,12
cluster_00161_unknown,/home/ssparzival/Proyectos/GitHub/Automatic-Organization-of-Anime-Character-Images/anime_character_pipeline/organized_output/anime_organized_20260523_220036/cluster_00161_unknown,/home/ssparzival/Proyectos/GitHub/Automatic-Organization-of-Anime-Character-Images/anime_character_pipeline/organized_output/anime_organized_20260523_220036/cluster_00161_unknown/_folder_manifest.csv,2
cluster_00161_unknown_review,/home/ssparzival/Proyectos/GitHub/Automatic-Organization-of-Anime-Character-Images/anime_character_pipeline/organized_output/anime_organized_20260523_220036/cluster_00161_unknown_review,/home/ssparzival/Proyectos/GitHub/Automatic-Organization-of-Anime-Character-Images/anime_character_pipeline/organized_output/anime_organized_20260523_220036/cluster_00161_unknown_review/_folder_manifest.csv,4
cluster_00162_unknown,/home/ssparzival/Proyectos/GitHub/Automatic-Organization-of-Anime-Character-Images/anime_character_pipeline/organized_output/anime_organized_20260523_220036/cluster_00162_unknown,/home/ssparzival/Proyectos/GitHub/Automatic-Organization-of-Anime-Character-Images/anime_character_pipeline/organized_output/anime_organized_20260523_220036/cluster_00162_unknown/_folder_manifest.csv,22
cluster_00162_unknown_review,/home/ssparzival/Proyectos/GitHub/Automatic-Organization-of-Anime-Character-Images/anime_character_pipeline/organized_output/anime_organized_20260523_220036/cluster_00162_unknown_review,/home/ssparzival/Proyectos/GitHub/Automatic-Organization-of-Anime-Character-Images/anime_character_pipeline/organized_output/anime_organized_20260523_220036/cluster_00162_unknown_review/_folder_manifest.csv,9
cluster_00163_unknown,/home/ssparzival/Proyectos/GitHub/Automatic-Organization-of-Anime-Character-Images/anime_character_pipeline/organized_output/anime_organized_20260523_220036/cluster_00163_unknown,/home/ssparzival/Proyectos/GitHub/Automatic-Organization-of-Anime-Character-Images/anime_character_pipeline/organized_output/anime_organized_20260523_220036/cluster_00163_unknown/_folder_manifest.csv,2
cluster_00163_unknown_review,/home/ssparzival/Proyectos/GitHub/Automatic-Organization-of-Anime-Character-Images/anime_character_pipeline/organized_output/anime_organized_20260523_220036/cluster_00163_unknown_review,/home/ssparzival/Proyectos/GitHub/Automatic-Organization-of-Anime-Character-Images/anime_character_pipeline/organized_output/anime_organized_20260523_220036/cluster_00163_unknown_review/_folder_manifest.csv,3
cluster_00164_unknown,/home/ssparzival/Proyectos/GitHub/Automatic-Organization-of-Anime-Character-Images/anime_character_pipeline/organized_output/anime_organized_20260523_220036/cluster_00164_unknown,/home/ssparzival/Proyectos/GitHub/Automatic-Organization-of-Anime-Character-Images/anime_character_pipeline/organized_output/anime_organized_20260523_220036/cluster_00164_unknown/_folder_manifest.csv,15
cluster_00164_unknown_review,/home/ssparzival/Proyectos/GitHub/Automatic-Organization-of-Anime-Character-Images/anime_character_pipeline/organized_output/anime_organized_20260523_220036/cluster_00164_unknown_review,/home/ssparzival/Proyectos/GitHub/Automatic-Organization-of-Anime-Character-Images/anime_character_pipeline/organized_output/anime_organized_20260523_220036/cluster_00164_unknown_review/_folder_manifest.csv,3
cluster_00165_unknown,/home/ssparzival/Proyectos/GitHub/Automatic-Organization-of-Anime-Character-Images/anime_character_pipeline/organized_output/anime_organized_20260523_220036/cluster_00165_unknown,/home/ssparzival/Proyectos/GitHub/Automatic-Organization-of-Anime-Character-Images/anime_character_pipeline/organized_output/anime_organized_20260523_220036/cluster_00165_unknown/_folder_manifest.csv,39
cluster_00165_unknown_review,/home/ssparzival/Proyectos/GitHub/Automatic-Organization-of-Anime-Character-Images/anime_character_pipeline/organized_output/anime_organized_20260523_220036/cluster_00165_unknown_review,/home/ssparzival/Proyectos/GitHub/Automatic-Organization-of-Anime-Character-Images/anime_character_pipeline/organized_output/anime_organized_20260523_220036/cluster_00165_unknown_review/_folder_manifest.csv,3
cluster_00166_unknown,/home/ssparzival/Proyectos/GitHub/Automatic-Organization-of-Anime-Character-Images/anime_character_pipeline/organized_output/anime_organized_20260523_220036/cluster_00166_unknown,/home/ssparzival/Proyectos/GitHub/Automatic-Organization-of-Anime-Character-Images/anime_character_pipeline/organized_output/anime_organized_20260523_220036/cluster_00166_unknown/_folder_manifest.csv,20
cluster_00166_unknown_review,/home/ssparzival/Proyectos/GitHub/Automatic-Organization-of-Anime-Character-Images/anime_character_pipeline/organized_output/anime_organized_20260523_220036/cluster_00166_unknown_review,/home/ssparzival/Proyectos/GitHub/Automatic-Organization-of-Anime-Character-Images/anime_character_pipeline/organized_output/anime_organized_20260523_220036/cluster_00166_unknown_review/_folder_manifest.csv,2
cluster_00167_unknown,/home/ssparzival/Proyectos/GitHub/Automatic-Organization-of-Anime-Character-Images/anime_character_pipeline/organized_output/anime_organized_20260523_220036/cluster_00167_unknown,/home/ssparzival/Proyectos/GitHub/Automatic-Organization-of-Anime-Character-Images/anime_character_pipeline/organized_output/anime_organized_20260523_220036/cluster_00167_unknown/_folder_manifest.csv,28
cluster_00167_unknown_review,/home/ssparzival/Proyectos/GitHub/Automatic-Organization-of-Anime-Character-Images/anime_character_pipeline/organized_output/anime_organized_20260523_220036/cluster_00167_unknown_review,/home/ssparzival/Proyectos/GitHub/Automatic-Organization-of-Anime-Character-Images/anime_character_pipeline/organized_output/anime_organized_20260523_220036/cluster_00167_unknown_review/_folder_manifest.csv,2
cluster_00168_unknown,/home/ssparzival/Proyectos/GitHub/Automatic-Organization-of-Anime-Character-Images/anime_character_pipeline/organized_output/anime_organized_20260523_220036/cluster_00168_unknown,/home/ssparzival/Proyectos/GitHub/Automatic-Organization-of-Anime-Character-Images/anime_character_pipeline/organized_output/anime_organized_20260523_220036/cluster_00168_unknown/_folder_manifest.csv,14
cluster_00168_unknown_review,/home/ssparzival/Proyectos/GitHub/Automatic-Organization-of-Anime-Character-Images/anime_character_pipeline/organized_output/anime_organized_20260523_220036/cluster_00168_unknown_review,/home/ssparzival/Proyectos/GitHub/Automatic-Organization-of-Anime-Character-Images/anime_character_pipeline/organized_output/anime_organized_20260523_220036/cluster_00168_unknown_review/_folder_manifest.csv,1
cluster_00169_unknown,/home/ssparzival/Proyectos/GitHub/Automatic-Organization-of-Anime-Character-Images/anime_character_pipeline/organized_output/anime_organized_20260523_220036/cluster_00169_unknown,/home/ssparzival/Proyectos/GitHub/Automatic-Organization-of-Anime-Character-Images/anime_character_pipeline/organized_output/anime_organized_20260523_220036/cluster_00169_unknown/_folder_manifest.csv,264
cluster_00169_unknown_review,/home/ssparzival/Proyectos/GitHub/Automatic-Organization-of-Anime-Character-Images/anime_character_pipeline/organized_output/anime_organized_20260523_220036/cluster_00169_unknown_review,/home/ssparzival/Proyectos/GitHub/Automatic-Organization-of-Anime-Character-Images/anime_character_pipeline/organized_output/anime_organized_20260523_220036/cluster_00169_unknown_review/_folder_manifest.csv,88
cluster_00170_unknown,/home/ssparzival/Proyectos/GitHub/Automatic-Organization-of-Anime-Character-Images/anime_character_pipeline/organized_output/anime_organized_20260523_220036/cluster_00170_unknown,/home/ssparzival/Proyectos/GitHub/Automatic-Organization-of-Anime-Character-Images/anime_character_pipeline/organized_output/anime_organized_20260523_220036/cluster_00170_unknown/_folder_manifest.csv,118
cluster_00170_unknown_review,/home/ssparzival/Proyectos/GitHub/Automatic-Organization-of-Anime-Character-Images/anime_character_pipeline/organized_output/anime_organized_20260523_220036/cluster_00170_unknown_review,/home/ssparzival/Proyectos/GitHub/Automatic-Organization-of-Anime-Character-Images/anime_character_pipeline/organized_output/anime_organized_20260523_220036/cluster_00170_unknown_review/_folder_manifest.csv,42
cluster_00171_unknown,/home/ssparzival/Proyectos/GitHub/Automatic-Organization-of-Anime-Character-Images/anime_character_pipeline/organized_output/anime_organized_20260523_220036/cluster_00171_unknown,/home/ssparzival/Proyectos/GitHub/Automatic-Organization-of-Anime-Character-Images/anime_character_pipeline/organized_output/anime_organized_20260523_220036/cluster_00171_unknown/_folder_manifest.csv,268
cluster_00171_unknown_review,/home/ssparzival/Proyectos/GitHub/Automatic-Organization-of-Anime-Character-Images/anime_character_pipeline/organized_output/anime_organized_20260523_220036/cluster_00171_unknown_review,/home/ssparzival/Proyectos/GitHub/Automatic-Organization-of-Anime-Character-Images/anime_character_pipeline/organized_output/anime_organized_20260523_220036/cluster_00171_unknown_review/_folder_manifest.csv,76
cluster_00172_unknown,/home/ssparzival/Proyectos/GitHub/Automatic-Organization-of-Anime-Character-Images/anime_character_pipeline/organized_output/anime_organized_20260523_220036/cluster_00172_unknown,/home/ssparzival/Proyectos/GitHub/Automatic-Organization-of-Anime-Character-Images/anime_character_pipeline/organized_output/anime_organized_20260523_220036/cluster_00172_unknown/_folder_manifest.csv,182
cluster_00172_unknown_review,/home/ssparzival/Proyectos/GitHub/Automatic-Organization-of-Anime-Character-Images/anime_character_pipeline/organized_output/anime_organized_20260523_220036/cluster_00172_unknown_review,/home/ssparzival/Proyectos/GitHub/Automatic-Organization-of-Anime-Character-Images/anime_character_pipeline/organized_output/anime_organized_20260523_220036/cluster_00172_unknown_review/_folder_manifest.csv,58
cluster_00173_unknown,/home/ssparzival/Proyectos/GitHub/Automatic-Organization-of-Anime-Character-Images/anime_character_pipeline/organized_output/anime_organized_20260523_220036/cluster_00173_unknown,/home/ssparzival/Proyectos/GitHub/Automatic-Organization-of-Anime-Character-Images/anime_character_pipeline/organized_output/anime_organized_20260523_220036/cluster_00173_unknown/_folder_manifest.csv,6
cluster_00173_unknown_review,/home/ssparzival/Proyectos/GitHub/Automatic-Organization-of-Anime-Character-Images/anime_character_pipeline/organized_output/anime_organized_20260523_220036/cluster_00173_unknown_review,/home/ssparzival/Proyectos/GitHub/Automatic-Organization-of-Anime-Character-Images/anime_character_pipeline/organized_output/anime_organized_20260523_220036/cluster_00173_unknown_review/_folder_manifest.csv,1
cluster_00174_unknown,/home/ssparzival/Proyectos/GitHub/Automatic-Organization-of-Anime-Character-Images/anime_character_pipeline/organized_output/anime_organized_20260523_220036/cluster_00174_unknown,/home/ssparzival/Proyectos/GitHub/Automatic-Organization-of-Anime-Character-Images/anime_character_pipeline/organized_output/anime_organized_20260523_220036/cluster_00174_unknown/_folder_manifest.csv,37
cluster_00174_unknown_review,/home/ssparzival/Proyectos/GitHub/Automatic-Organization-of-Anime-Character-Images/anime_character_pipeline/organized_output/anime_organized_20260523_220036/cluster_00174_unknown_review,/home/ssparzival/Proyectos/GitHub/Automatic-Organization-of-Anime-Character-Images/anime_character_pipeline/organized_output/anime_organized_20260523_220036/cluster_00174_unknown_review/_folder_manifest.csv,22
cluster_00175_unknown,/home/ssparzival/Proyectos/GitHub/Automatic-Organization-of-Anime-Character-Images/anime_character_pipeline/organized_output/anime_organized_20260523_220036/cluster_00175_unknown,/home/ssparzival/Proyectos/GitHub/Automatic-Organization-of-Anime-Character-Images/anime_character_pipeline/organized_output/anime_organized_20260523_220036/cluster_00175_unknown/_folder_manifest.csv,42
cluster_00175_unknown_review,/home/ssparzival/Proyectos/GitHub/Automatic-Organization-of-Anime-Character-Images/anime_character_pipeline/organized_output/anime_organized_20260523_220036/cluster_00175_unknown_review,/home/ssparzival/Proyectos/GitHub/Automatic-Organization-of-Anime-Character-Images/anime_character_pipeline/organized_output/anime_organized_20260523_220036/cluster_00175_unknown_review/_folder_manifest.csv,4
cluster_00176_unknown,/home/ssparzival/Proyectos/GitHub/Automatic-Organization-of-Anime-Character-Images/anime_character_pipeline/organized_output/anime_organized_20260523_220036/cluster_00176_unknown,/home/ssparzival/Proyectos/GitHub/Automatic-Organization-of-Anime-Character-Images/anime_character_pipeline/organized_output/anime_organized_20260523_220036/cluster_00176_unknown/_folder_manifest.csv,91
cluster_00176_unknown_review,/home/ssparzival/Proyectos/GitHub/Automatic-Organization-of-Anime-Character-Images/anime_character_pipeline/organized_output/anime_organized_20260523_220036/cluster_00176_unknown_review,/home/ssparzival/Proyectos/GitHub/Automatic-Organization-of-Anime-Character-Images/anime_character_pipeline/organized_output/anime_organized_20260523_220036/cluster_00176_unknown_review/_folder_manifest.csv,25
cluster_00177_unknown,/home/ssparzival/Proyectos/GitHub/Automatic-Organization-of-Anime-Character-Images/anime_character_pipeline/organized_output/anime_organized_20260523_220036/cluster_00177_unknown,/home/ssparzival/Proyectos/GitHub/Automatic-Organization-of-Anime-Character-Images/anime_character_pipeline/organized_output/anime_organized_20260523_220036/cluster_00177_unknown/_folder_manifest.csv,90
cluster_00177_unknown_review,/home/ssparzival/Proyectos/GitHub/Automatic-Organization-of-Anime-Character-Images/anime_character_pipeline/organized_output/anime_organized_20260523_220036/cluster_00177_unknown_review,/home/ssparzival/Proyectos/GitHub/Automatic-Organization-of-Anime-Character-Images/anime_character_pipeline/organized_output/anime_organized_20260523_220036/cluster_00177_unknown_review/_folder_manifest.csv,48
cluster_00178_unknown,/home/ssparzival/Proyectos/GitHub/Automatic-Organization-of-Anime-Character-Images/anime_character_pipeline/organized_output/anime_organized_20260523_220036/cluster_00178_unknown,/home/ssparzival/Proyectos/GitHub/Automatic-Organization-of-Anime-Character-Images/anime_character_pipeline/organized_output/anime_organized_20260523_220036/cluster_00178_unknown/_folder_manifest.csv,68
cluster_00178_unknown_review,/home/ssparzival/Proyectos/GitHub/Automatic-Organization-of-Anime-Character-Images/anime_character_pipeline/organized_output/anime_organized_20260523_220036/cluster_00178_unknown_review,/home/ssparzival/Proyectos/GitHub/Automatic-Organization-of-Anime-Character-Images/anime_character_pipeline/organized_output/anime_organized_20260523_220036/cluster_00178_unknown_review/_folder_manifest.csv,6
cluster_00179_unknown,/home/ssparzival/Proyectos/GitHub/Automatic-Organization-of-Anime-Character-Images/anime_character_pipeline/organized_output/anime_organized_20260523_220036/cluster_00179_unknown,/home/ssparzival/Proyectos/GitHub/Automatic-Organization-of-Anime-Character-Images/anime_character_pipeline/organized_output/anime_organized_20260523_220036/cluster_00179_unknown/_folder_manifest.csv,101
cluster_00179_unknown_review,/home/ssparzival/Proyectos/GitHub/Automatic-Organization-of-Anime-Character-Images/anime_character_pipeline/organized_output/anime_organized_20260523_220036/cluster_00179_unknown_review,/home/ssparzival/Proyectos/GitHub/Automatic-Organization-of-Anime-Character-Images/anime_character_pipeline/organized_output/anime_organized_20260523_220036/cluster_00179_unknown_review/_folder_manifest.csv,11
cluster_00180_unknown,/home/ssparzival/Proyectos/GitHub/Automatic-Organization-of-Anime-Character-Images/anime_character_pipeline/organized_output/anime_organized_20260523_220036/cluster_00180_unknown,/home/ssparzival/Proyectos/GitHub/Automatic-Organization-of-Anime-Character-Images/anime_character_pipeline/organized_output/anime_organized_20260523_220036/cluster_00180_unknown/_folder_manifest.csv,73
cluster_00180_unknown_review,/home/ssparzival/Proyectos/GitHub/Automatic-Organization-of-Anime-Character-Images/anime_character_pipeline/organized_output/anime_organized_20260523_220036/cluster_00180_unknown_review,/home/ssparzival/Proyectos/GitHub/Automatic-Organization-of-Anime-Character-Images/anime_character_pipeline/organized_output/anime_organized_20260523_220036/cluster_00180_unknown_review/_folder_manifest.csv,6
cluster_00181_unknown,/home/ssparzival/Proyectos/GitHub/Automatic-Organization-of-Anime-Character-Images/anime_character_pipeline/organized_output/anime_organized_20260523_220036/cluster_00181_unknown,/home/ssparzival/Proyectos/GitHub/Automatic-Organization-of-Anime-Character-Images/anime_character_pipeline/organized_output/anime_organized_20260523_220036/cluster_00181_unknown/_folder_manifest.csv,192
cluster_00181_unknown_review,/home/ssparzival/Proyectos/GitHub/Automatic-Organization-of-Anime-Character-Images/anime_character_pipeline/organized_output/anime_organized_20260523_220036/cluster_00181_unknown_review,/home/ssparzival/Proyectos/GitHub/Automatic-Organization-of-Anime-Character-Images/anime_character_pipeline/organized_output/anime_organized_20260523_220036/cluster_00181_unknown_review/_folder_manifest.csv,41
cluster_00182_unknown,/home/ssparzival/Proyectos/GitHub/Automatic-Organization-of-Anime-Character-Images/anime_character_pipeline/organized_output/anime_organized_20260523_220036/cluster_00182_unknown,/home/ssparzival/Proyectos/GitHub/Automatic-Organization-of-Anime-Character-Images/anime_character_pipeline/organized_output/anime_organized_20260523_220036/cluster_00182_unknown/_folder_manifest.csv,42
cluster_00182_unknown_review,/home/ssparzival/Proyectos/GitHub/Automatic-Organization-of-Anime-Character-Images/anime_character_pipeline/organized_output/anime_organized_20260523_220036/cluster_00182_unknown_review,/home/ssparzival/Proyectos/GitHub/Automatic-Organization-of-Anime-Character-Images/anime_character_pipeline/organized_output/anime_organized_20260523_220036/cluster_00182_unknown_review/_folder_manifest.csv,7
cluster_00183_unknown,/home/ssparzival/Proyectos/GitHub/Automatic-Organization-of-Anime-Character-Images/anime_character_pipeline/organized_output/anime_organized_20260523_220036/cluster_00183_unknown,/home/ssparzival/Proyectos/GitHub/Automatic-Organization-of-Anime-Character-Images/anime_character_pipeline/organized_output/anime_organized_20260523_220036/cluster_00183_unknown/_folder_manifest.csv,368
cluster_00183_unknown_review,/home/ssparzival/Proyectos/GitHub/Automatic-Organization-of-Anime-Character-Images/anime_character_pipeline/organized_output/anime_organized_20260523_220036/cluster_00183_unknown_review,/home/ssparzival/Proyectos/GitHub/Automatic-Organization-of-Anime-Character-Images/anime_character_pipeline/organized_output/anime_organized_20260523_220036/cluster_00183_unknown_review/_folder_manifest.csv,137
cluster_00184_unknown,/home/ssparzival/Proyectos/GitHub/Automatic-Organization-of-Anime-Character-Images/anime_character_pipeline/organized_output/anime_organized_20260523_220036/cluster_00184_unknown,/home/ssparzival/Proyectos/GitHub/Automatic-Organization-of-Anime-Character-Images/anime_character_pipeline/organized_output/anime_organized_20260523_220036/cluster_00184_unknown/_folder_manifest.csv,15
cluster_00184_unknown_review,/home/ssparzival/Proyectos/GitHub/Automatic-Organization-of-Anime-Character-Images/anime_character_pipeline/organized_output/anime_organized_20260523_220036/cluster_00184_unknown_review,/home/ssparzival/Proyectos/GitHub/Automatic-Organization-of-Anime-Character-Images/anime_character_pipeline/organized_output/anime_organized_20260523_220036/cluster_00184_unknown_review/_folder_manifest.csv,9
cluster_00185_unknown,/home/ssparzival/Proyectos/GitHub/Automatic-Organization-of-Anime-Character-Images/anime_character_pipeline/organized_output/anime_organized_20260523_220036/cluster_00185_unknown,/home/ssparzival/Proyectos/GitHub/Automatic-Organization-of-Anime-Character-Images/anime_character_pipeline/organized_output/anime_organized_20260523_220036/cluster_00185_unknown/_folder_manifest.csv,44
cluster_00185_unknown_review,/home/ssparzival/Proyectos/GitHub/Automatic-Organization-of-Anime-Character-Images/anime_character_pipeline/organized_output/anime_organized_20260523_220036/cluster_00185_unknown_review,/home/ssparzival/Proyectos/GitHub/Automatic-Organization-of-Anime-Character-Images/anime_character_pipeline/organized_output/anime_organized_20260523_220036/cluster_00185_unknown_review/_folder_manifest.csv,6
cluster_00186_unknown,/home/ssparzival/Proyectos/GitHub/Automatic-Organization-of-Anime-Character-Images/anime_character_pipeline/organized_output/anime_organized_20260523_220036/cluster_00186_unknown,/home/ssparzival/Proyectos/GitHub/Automatic-Organization-of-Anime-Character-Images/anime_character_pipeline/organized_output/anime_organized_20260523_220036/cluster_00186_unknown/_folder_manifest.csv,10
cluster_00186_unknown_review,/home/ssparzival/Proyectos/GitHub/Automatic-Organization-of-Anime-Character-Images/anime_character_pipeline/organized_output/anime_organized_20260523_220036/cluster_00186_unknown_review,/home/ssparzival/Proyectos/GitHub/Automatic-Organization-of-Anime-Character-Images/anime_character_pipeline/organized_output/anime_organized_20260523_220036/cluster_00186_unknown_review/_folder_manifest.csv,4
cluster_00187_unknown,/home/ssparzival/Proyectos/GitHub/Automatic-Organization-of-Anime-Character-Images/anime_character_pipeline/organized_output/anime_organized_20260523_220036/cluster_00187_unknown,/home/ssparzival/Proyectos/GitHub/Automatic-Organization-of-Anime-Character-Images/anime_character_pipeline/organized_output/anime_organized_20260523_220036/cluster_00187_unknown/_folder_manifest.csv,41
cluster_00187_unknown_review,/home/ssparzival/Proyectos/GitHub/Automatic-Organization-of-Anime-Character-Images/anime_character_pipeline/organized_output/anime_organized_20260523_220036/cluster_00187_unknown_review,/home/ssparzival/Proyectos/GitHub/Automatic-Organization-of-Anime-Character-Images/anime_character_pipeline/organized_output/anime_organized_20260523_220036/cluster_00187_unknown_review/_folder_manifest.csv,10
